{"type":"FeatureCollection","step":1.0,"generated":"2026-10-06","features":[{"type":"Feature","geometry":{"type":"Polygon","coordinates":[[[77.0,8.0],[78.0,8.0],[78.0,9.0],[77.0,9.0],[77.0,8.0]]]},"properties":{"lat":8.5,"lon":77.5,"heat":35,"flood":54,"drought":68,"climate":62,"tmax":38.5,"txx_anom":-0.3,"rain":1411.0,"rain12_pct":78,"elev":456.0}},{"type":"Feature","geometry":{"type":"Polygon","coordinates":[[[80.0,8.0],[81.0,8.0],[81.0,9.0],[80.0,9.0],[80.0,8.0]]]},"properties":{"lat":8.5,"lon":80.5,"heat":3,"flood":70,"drought":21,"climate":55,"tmax":37.5,"txx_anom":-1.4,"rain":1212.0,"rain12_pct":146,"elev":88.0}},{"type":"Feature","geometry":{"type":"Polygon","coordinates":[[[77.0,9.0],[78.0,9.0],[78.0,10.0],[77.0,10.0],[77.0,9.0]]]},"properties":{"lat":9.5,"lon":77.5,"heat":28,"flood":40,"drought":78,"climate":66,"tmax":38.6,"txx_anom":-0.57,"rain":1422.0,"rain12_pct":69,"elev":189.0}},{"type":"Feature","geometry":{"type":"Polygon","coordinates":[[[78.0,9.0],[79.0,9.0],[79.0,10.0],[78.0,10.0],[78.0,9.0]]]},"properties":{"lat":9.5,"lon":78.5,"heat":45,"flood":59,"drought":35,"climate":54,"tmax":37.8,"txx_anom":0.03,"rain":1020.0,"rain12_pct":100,"elev":44.0}},{"type":"Feature","geometry":{"type":"Polygon","coordinates":[[[76.0,10.0],[77.0,10.0],[77.0,11.0],[76.0,11.0],[76.0,10.0]]]},"properties":{"lat":10.5,"lon":76.5,"heat":44,"flood":28,"drought":67,"climate":59,"tmax":38.6,"txx_anom":0.01,"rain":2232.0,"rain12_pct":85,"elev":291.0}},{"type":"Feature","geometry":{"type":"Polygon","coordinates":[[[77.0,10.0],[78.0,10.0],[78.0,11.0],[77.0,11.0],[77.0,10.0]]]},"properties":{"lat":10.5,"lon":77.5,"heat":14,"flood":4,"drought":42,"climate":33,"tmax":38.5,"txx_anom":-1.06,"rain":857.0,"rain12_pct":95,"elev":294.0}},{"type":"Feature","geometry":{"type":"Polygon","coordinates":[[[78.0,10.0],[79.0,10.0],[79.0,11.0],[78.0,11.0],[78.0,10.0]]]},"properties":{"lat":10.5,"lon":78.5,"heat":18,"flood":29,"drought":26,"climate":27,"tmax":40.9,"txx_anom":-1.01,"rain":846.0,"rain12_pct":108,"elev":163.0}},{"type":"Feature","geometry":{"type":"Polygon","coordinates":[[[79.0,10.0],[80.0,10.0],[80.0,11.0],[79.0,11.0],[79.0,10.0]]]},"properties":{"lat":10.5,"lon":79.5,"heat":26,"flood":64,"drought":28,"climate":54,"tmax":38.6,"txx_anom":-0.61,"rain":997.0,"rain12_pct":121,"elev":6.0}},{"type":"Feature","geometry":{"type":"Polygon","coordinates":[[[76.0,11.0],[77.0,11.0],[77.0,12.0],[76.0,12.0],[76.0,11.0]]]},"properties":{"lat":11.5,"lon":76.5,"heat":39,"flood":19,"drought":72,"climate":61,"tmax":37.2,"txx_anom":-0.18,"rain":1861.0,"rain12_pct":66,"elev":958.0}},{"type":"Feature","geometry":{"type":"Polygon","coordinates":[[[77.0,11.0],[78.0,11.0],[78.0,12.0],[77.0,12.0],[77.0,11.0]]]},"properties":{"lat":11.5,"lon":77.5,"heat":32,"flood":25,"drought":53,"climate":46,"tmax":40.8,"txx_anom":-0.51,"rain":722.0,"rain12_pct":91,"elev":200.0}},{"type":"Feature","geometry":{"type":"Polygon","coordinates":[[[78.0,11.0],[79.0,11.0],[79.0,12.0],[78.0,12.0],[78.0,11.0]]]},"properties":{"lat":11.5,"lon":78.5,"heat":26,"flood":15,"drought":32,"climate":29,"tmax":41.2,"txx_anom":-0.74,"rain":867.0,"rain12_pct":98,"elev":352.0}},{"type":"Feature","geometry":{"type":"Polygon","coordinates":[[[79.0,11.0],[80.0,11.0],[80.0,12.0],[79.0,12.0],[79.0,11.0]]]},"properties":{"lat":11.5,"lon":79.5,"heat":21,"flood":62,"drought":26,"climate":52,"tmax":41.1,"txx_anom":-0.87,"rain":1020.0,"rain12_pct":105,"elev":16.0}},{"type":"Feature","geometry":{"type":"Polygon","coordinates":[[[75.0,12.0],[76.0,12.0],[76.0,13.0],[75.0,13.0],[75.0,12.0]]]},"properties":{"lat":12.5,"lon":75.5,"heat":43,"flood":56,"drought":71,"climate":65,"tmax":37.8,"txx_anom":-0.05,"rain":2997.0,"rain12_pct":56,"elev":157.0}},{"type":"Feature","geometry":{"type":"Polygon","coordinates":[[[76.0,12.0],[77.0,12.0],[77.0,13.0],[76.0,13.0],[76.0,12.0]]]},"properties":{"lat":12.5,"lon":76.5,"heat":47,"flood":25,"drought":80,"climate":68,"tmax":38.2,"txx_anom":0.1,"rain":1627.0,"rain12_pct":46,"elev":781.0}},{"type":"Feature","geometry":{"type":"Polygon","coordinates":[[[77.0,12.0],[78.0,12.0],[78.0,13.0],[77.0,13.0],[77.0,12.0]]]},"properties":{"lat":12.5,"lon":77.5,"heat":45,"flood":43,"drought":82,"climate":72,"tmax":39.7,"txx_anom":0.02,"rain":850.0,"rain12_pct":74,"elev":759.0}},{"type":"Feature","geometry":{"type":"Polygon","coordinates":[[[78.0,12.0],[79.0,12.0],[79.0,13.0],[78.0,13.0],[78.0,12.0]]]},"properties":{"lat":12.5,"lon":78.5,"heat":35,"flood":22,"drought":77,"climate":64,"tmax":41.4,"txx_anom":-0.41,"rain":925.0,"rain12_pct":78,"elev":420.0}},{"type":"Feature","geometry":{"type":"Polygon","coordinates":[[[79.0,12.0],[80.0,12.0],[80.0,13.0],[79.0,13.0],[79.0,12.0]]]},"properties":{"lat":12.5,"lon":79.5,"heat":12,"flood":48,"drought":56,"climate":49,"tmax":42.1,"txx_anom":-1.25,"rain":1081.0,"rain12_pct":86,"elev":104.0}},{"type":"Feature","geometry":{"type":"Polygon","coordinates":[[[75.0,13.0],[76.0,13.0],[76.0,14.0],[75.0,14.0],[75.0,13.0]]]},"properties":{"lat":13.5,"lon":75.5,"heat":32,"flood":29,"drought":72,"climate":61,"tmax":36.9,"txx_anom":-0.4,"rain":2608.0,"rain12_pct":49,"elev":816.0}},{"type":"Feature","geometry":{"type":"Polygon","coordinates":[[[76.0,13.0],[77.0,13.0],[77.0,14.0],[76.0,14.0],[76.0,13.0]]]},"properties":{"lat":13.5,"lon":76.5,"heat":40,"flood":19,"drought":83,"climate":69,"tmax":38.6,"txx_anom":-0.15,"rain":1168.0,"rain12_pct":53,"elev":738.0}},{"type":"Feature","geometry":{"type":"Polygon","coordinates":[[[77.0,13.0],[78.0,13.0],[78.0,14.0],[77.0,14.0],[77.0,13.0]]]},"properties":{"lat":13.5,"lon":77.5,"heat":47,"flood":31,"drought":83,"climate":71,"tmax":39.4,"txx_anom":0.08,"rain":802.0,"rain12_pct":71,"elev":752.0}},{"type":"Feature","geometry":{"type":"Polygon","coordinates":[[[78.0,13.0],[79.0,13.0],[79.0,14.0],[78.0,14.0],[78.0,13.0]]]},"properties":{"lat":13.5,"lon":78.5,"heat":44,"flood":17,"drought":79,"climate":66,"tmax":40.6,"txx_anom":-0.05,"rain":827.0,"rain12_pct":75,"elev":771.0}},{"type":"Feature","geometry":{"type":"Polygon","coordinates":[[[79.0,13.0],[80.0,13.0],[80.0,14.0],[79.0,14.0],[79.0,13.0]]]},"properties":{"lat":13.5,"lon":79.5,"heat":37,"flood":45,"drought":43,"climate":44,"tmax":42.6,"txx_anom":-0.45,"rain":984.0,"rain12_pct":92,"elev":190.0}},{"type":"Feature","geometry":{"type":"Polygon","coordinates":[[[74.0,14.0],[75.0,14.0],[75.0,15.0],[74.0,15.0],[74.0,14.0]]]},"properties":{"lat":14.5,"lon":74.5,"heat":60,"flood":93,"drought":20,"climate":79,"tmax":35.3,"txx_anom":0.57,"rain":2692.0,"rain12_pct":102,"elev":55.0}},{"type":"Feature","geometry":{"type":"Polygon","coordinates":[[[75.0,14.0],[76.0,14.0],[76.0,15.0],[75.0,15.0],[75.0,14.0]]]},"properties":{"lat":14.5,"lon":75.5,"heat":38,"flood":4,"drought":80,"climate":64,"tmax":40.6,"txx_anom":-0.29,"rain":1429.0,"rain12_pct":58,"elev":595.0}},{"type":"Feature","geometry":{"type":"Polygon","coordinates":[[[76.0,14.0],[77.0,14.0],[77.0,15.0],[76.0,15.0],[76.0,14.0]]]},"properties":{"lat":14.5,"lon":76.5,"heat":40,"flood":10,"drought":55,"climate":47,"tmax":40.3,"txx_anom":-0.21,"rain":699.0,"rain12_pct":91,"elev":611.0}},{"type":"Feature","geometry":{"type":"Polygon","coordinates":[[[77.0,14.0],[78.0,14.0],[78.0,15.0],[77.0,15.0],[77.0,14.0]]]},"properties":{"lat":14.5,"lon":77.5,"heat":50,"flood":13,"drought":34,"climate":43,"tmax":42.2,"txx_anom":-0.02,"rain":601.0,"rain12_pct":101,"elev":418.0}},{"type":"Feature","geometry":{"type":"Polygon","coordinates":[[[78.0,14.0],[79.0,14.0],[79.0,15.0],[78.0,15.0],[78.0,14.0]]]},"properties":{"lat":14.5,"lon":78.5,"heat":51,"flood":29,"drought":32,"climate":46,"tmax":44.0,"txx_anom":-0.28,"rain":754.0,"rain12_pct":99,"elev":220.0}},{"type":"Feature","geometry":{"type":"Polygon","coordinates":[[[79.0,14.0],[80.0,14.0],[80.0,15.0],[79.0,15.0],[79.0,14.0]]]},"properties":{"lat":14.5,"lon":79.5,"heat":42,"flood":67,"drought":27,"climate":58,"tmax":44.2,"txx_anom":-0.51,"rain":911.0,"rain12_pct":108,"elev":64.0}},{"type":"Feature","geometry":{"type":"Polygon","coordinates":[[[74.0,15.0],[75.0,15.0],[75.0,16.0],[74.0,16.0],[74.0,15.0]]]},"properties":{"lat":15.5,"lon":74.5,"heat":47,"flood":40,"drought":56,"climate":53,"tmax":41.5,"txx_anom":-0.01,"rain":1839.0,"rain12_pct":85,"elev":712.0}},{"type":"Feature","geometry":{"type":"Polygon","coordinates":[[[75.0,15.0],[76.0,15.0],[76.0,16.0],[75.0,16.0],[75.0,15.0]]]},"properties":{"lat":15.5,"lon":75.5,"heat":31,"flood":7,"drought":32,"climate":29,"tmax":41.0,"txx_anom":-0.56,"rain":668.0,"rain12_pct":108,"elev":604.0}},{"type":"Feature","geometry":{"type":"Polygon","coordinates":[[[76.0,15.0],[77.0,15.0],[77.0,16.0],[76.0,16.0],[76.0,15.0]]]},"properties":{"lat":15.5,"lon":76.5,"heat":30,"flood":2,"drought":33,"climate":28,"tmax":41.3,"txx_anom":-0.64,"rain":597.0,"rain12_pct":104,"elev":429.0}},{"type":"Feature","geometry":{"type":"Polygon","coordinates":[[[77.0,15.0],[78.0,15.0],[78.0,16.0],[77.0,16.0],[77.0,15.0]]]},"properties":{"lat":15.5,"lon":77.5,"heat":37,"flood":2,"drought":66,"climate":54,"tmax":42.6,"txx_anom":-0.57,"rain":647.0,"rain12_pct":85,"elev":416.0}},{"type":"Feature","geometry":{"type":"Polygon","coordinates":[[[78.0,15.0],[79.0,15.0],[79.0,16.0],[78.0,16.0],[78.0,15.0]]]},"properties":{"lat":15.5,"lon":78.5,"heat":36,"flood":23,"drought":68,"climate":58,"tmax":43.8,"txx_anom":-0.8,"rain":764.0,"rain12_pct":84,"elev":208.0}},{"type":"Feature","geometry":{"type":"Polygon","coordinates":[[[79.0,15.0],[80.0,15.0],[80.0,16.0],[79.0,16.0],[79.0,15.0]]]},"properties":{"lat":15.5,"lon":79.5,"heat":30,"flood":52,"drought":31,"climate":46,"tmax":44.4,"txx_anom":-0.99,"rain":799.0,"rain12_pct":103,"elev":127.0}},{"type":"Feature","geometry":{"type":"Polygon","coordinates":[[[73.0,16.0],[74.0,16.0],[74.0,17.0],[73.0,17.0],[73.0,16.0]]]},"properties":{"lat":16.5,"lon":73.5,"heat":56,"flood":81,"drought":42,"climate":72,"tmax":42.8,"txx_anom":0.11,"rain":2232.0,"rain12_pct":89,"elev":154.0}},{"type":"Feature","geometry":{"type":"Polygon","coordinates":[[[74.0,16.0],[75.0,16.0],[75.0,17.0],[74.0,17.0],[74.0,16.0]]]},"properties":{"lat":16.5,"lon":74.5,"heat":34,"flood":35,"drought":27,"climate":34,"tmax":41.4,"txx_anom":-0.51,"rain":1222.0,"rain12_pct":99,"elev":570.0}},{"type":"Feature","geometry":{"type":"Polygon","coordinates":[[[75.0,16.0],[76.0,16.0],[76.0,17.0],[75.0,17.0],[75.0,16.0]]]},"properties":{"lat":16.5,"lon":75.5,"heat":27,"flood":3,"drought":46,"climate":38,"tmax":41.7,"txx_anom":-0.82,"rain":555.0,"rain12_pct":94,"elev":537.0}},{"type":"Feature","geometry":{"type":"Polygon","coordinates":[[[76.0,16.0],[77.0,16.0],[77.0,17.0],[76.0,17.0],[76.0,16.0]]]},"properties":{"lat":16.5,"lon":76.5,"heat":20,"flood":2,"drought":63,"climate":49,"tmax":42.1,"txx_anom":-1.09,"rain":594.0,"rain12_pct":86,"elev":477.0}},{"type":"Feature","geometry":{"type":"Polygon","coordinates":[[[77.0,16.0],[78.0,16.0],[78.0,17.0],[77.0,17.0],[77.0,16.0]]]},"properties":{"lat":16.5,"lon":77.5,"heat":19,"flood":5,"drought":77,"climate":60,"tmax":42.8,"txx_anom":-1.26,"rain":732.0,"rain12_pct":78,"elev":369.0}},{"type":"Feature","geometry":{"type":"Polygon","coordinates":[[[78.0,16.0],[79.0,16.0],[79.0,17.0],[78.0,17.0],[78.0,16.0]]]},"properties":{"lat":16.5,"lon":78.5,"heat":26,"flood":8,"drought":81,"climate":64,"tmax":42.9,"txx_anom":-0.96,"rain":751.0,"rain12_pct":77,"elev":415.0}},{"type":"Feature","geometry":{"type":"Polygon","coordinates":[[[79.0,16.0],[80.0,16.0],[80.0,17.0],[79.0,17.0],[79.0,16.0]]]},"properties":{"lat":16.5,"lon":79.5,"heat":29,"flood":39,"drought":63,"climate":55,"tmax":44.2,"txx_anom":-1.09,"rain":764.0,"rain12_pct":85,"elev":136.0}},{"type":"Feature","geometry":{"type":"Polygon","coordinates":[[[80.0,16.0],[81.0,16.0],[81.0,17.0],[80.0,17.0],[80.0,16.0]]]},"properties":{"lat":16.5,"lon":80.5,"heat":21,"flood":70,"drought":59,"climate":62,"tmax":44.6,"txx_anom":-1.34,"rain":1038.0,"rain12_pct":85,"elev":21.0}},{"type":"Feature","geometry":{"type":"Polygon","coordinates":[[[81.0,16.0],[82.0,16.0],[82.0,17.0],[81.0,17.0],[81.0,16.0]]]},"properties":{"lat":16.5,"lon":81.5,"heat":5,"flood":67,"drought":62,"climate":58,"tmax":41.7,"txx_anom":-1.68,"rain":1139.0,"rain12_pct":83,"elev":2.0}},{"type":"Feature","geometry":{"type":"Polygon","coordinates":[[[94.0,16.0],[95.0,16.0],[95.0,17.0],[94.0,17.0],[94.0,16.0]]]},"properties":{"lat":16.5,"lon":94.5,"heat":48,"flood":28,"drought":35,"climate":44,"tmax":36.4,"txx_anom":0.15,"rain":644.0,"rain12_pct":289,"elev":115.0}},{"type":"Feature","geometry":{"type":"Polygon","coordinates":[[[95.0,16.0],[96.0,16.0],[96.0,17.0],[95.0,17.0],[95.0,16.0]]]},"properties":{"lat":16.5,"lon":95.5,"heat":54,"flood":63,"drought":24,"climate":57,"tmax":42.3,"txx_anom":0.03,"rain":802.0,"rain12_pct":248,"elev":1.0}},{"type":"Feature","geometry":{"type":"Polygon","coordinates":[[[96.0,16.0],[97.0,16.0],[97.0,17.0],[96.0,17.0],[96.0,16.0]]]},"properties":{"lat":16.5,"lon":96.5,"heat":44,"flood":100,"drought":19,"climate":82,"tmax":38.9,"txx_anom":0.0,"rain":1538.0,"rain12_pct":292,"elev":4.0}},{"type":"Feature","geometry":{"type":"Polygon","coordinates":[[[73.0,17.0],[74.0,17.0],[74.0,18.0],[73.0,18.0],[73.0,17.0]]]},"properties":{"lat":17.5,"lon":73.5,"heat":46,"flood":86,"drought":19,"climate":72,"tmax":42.1,"txx_anom":-0.19,"rain":1976.0,"rain12_pct":102,"elev":36.0}},{"type":"Feature","geometry":{"type":"Polygon","coordinates":[[[74.0,17.0],[75.0,17.0],[75.0,18.0],[74.0,18.0],[74.0,17.0]]]},"properties":{"lat":17.5,"lon":74.5,"heat":22,"flood":20,"drought":27,"climate":25,"tmax":40.9,"txx_anom":-0.87,"rain":936.0,"rain12_pct":110,"elev":691.0}},{"type":"Feature","geometry":{"type":"Polygon","coordinates":[[[75.0,17.0],[76.0,17.0],[76.0,18.0],[75.0,18.0],[75.0,17.0]]]},"properties":{"lat":17.5,"lon":75.5,"heat":31,"flood":6,"drought":79,"climate":63,"tmax":42.9,"txx_anom":-0.87,"rain":603.0,"rain12_pct":72,"elev":444.0}},{"type":"Feature","geometry":{"type":"Polygon","coordinates":[[[76.0,17.0],[77.0,17.0],[77.0,18.0],[76.0,18.0],[76.0,17.0]]]},"properties":{"lat":17.5,"lon":76.5,"heat":20,"flood":7,"drought":76,"climate":59,"tmax":42.8,"txx_anom":-1.23,"rain":690.0,"rain12_pct":73,"elev":521.0}},{"type":"Feature","geometry":{"type":"Polygon","coordinates":[[[77.0,17.0],[78.0,17.0],[78.0,18.0],[77.0,18.0],[77.0,17.0]]]},"properties":{"lat":17.5,"lon":77.5,"heat":13,"flood":16,"drought":63,"climate":50,"tmax":42.2,"txx_anom":-1.34,"rain":843.0,"rain12_pct":83,"elev":603.0}},{"type":"Feature","geometry":{"type":"Polygon","coordinates":[[[78.0,17.0],[79.0,17.0],[79.0,18.0],[78.0,18.0],[78.0,17.0]]]},"properties":{"lat":17.5,"lon":78.5,"heat":9,"flood":16,"drought":56,"climate":44,"tmax":42.3,"txx_anom":-1.48,"rain":817.0,"rain12_pct":85,"elev":562.0}},{"type":"Feature","geometry":{"type":"Polygon","coordinates":[[[79.0,17.0],[80.0,17.0],[80.0,18.0],[79.0,18.0],[79.0,17.0]]]},"properties":{"lat":17.5,"lon":79.5,"heat":16,"flood":30,"drought":42,"climate":37,"tmax":43.9,"txx_anom":-1.51,"rain":817.0,"rain12_pct":91,"elev":255.0}},{"type":"Feature","geometry":{"type":"Polygon","coordinates":[[[80.0,17.0],[81.0,17.0],[81.0,18.0],[80.0,18.0],[80.0,17.0]]]},"properties":{"lat":17.5,"lon":80.5,"heat":23,"flood":43,"drought":50,"climate":45,"tmax":44.6,"txx_anom":-1.28,"rain":1084.0,"rain12_pct":89,"elev":162.0}},{"type":"Feature","geometry":{"type":"Polygon","coordinates":[[[81.0,17.0],[82.0,17.0],[82.0,18.0],[81.0,18.0],[81.0,17.0]]]},"properties":{"lat":17.5,"lon":81.5,"heat":23,"flood":48,"drought":52,"climate":48,"tmax":44.1,"txx_anom":-1.2,"rain":1228.0,"rain12_pct":89,"elev":91.0}},{"type":"Feature","geometry":{"type":"Polygon","coordinates":[[[82.0,17.0],[83.0,17.0],[83.0,18.0],[82.0,18.0],[82.0,17.0]]]},"properties":{"lat":17.5,"lon":82.5,"heat":29,"flood":66,"drought":42,"climate":58,"tmax":41.1,"txx_anom":-0.58,"rain":1250.0,"rain12_pct":93,"elev":47.0}},{"type":"Feature","geometry":{"type":"Polygon","coordinates":[[[95.0,17.0],[96.0,17.0],[96.0,18.0],[95.0,18.0],[95.0,17.0]]]},"properties":{"lat":17.5,"lon":95.5,"heat":60,"flood":58,"drought":29,"climate":56,"tmax":43.2,"txx_anom":0.07,"rain":500.0,"rain12_pct":318,"elev":9.0}},{"type":"Feature","geometry":{"type":"Polygon","coordinates":[[[96.0,17.0],[97.0,17.0],[97.0,18.0],[96.0,18.0],[96.0,17.0]]]},"properties":{"lat":17.5,"lon":96.5,"heat":58,"flood":80,"drought":24,"climate":70,"tmax":43.4,"txx_anom":0.04,"rain":892.0,"rain12_pct":258,"elev":13.0}},{"type":"Feature","geometry":{"type":"Polygon","coordinates":[[[73.0,18.0],[74.0,18.0],[74.0,19.0],[73.0,19.0],[73.0,18.0]]]},"properties":{"lat":18.5,"lon":73.5,"heat":34,"flood":52,"drought":21,"climate":45,"tmax":41.1,"txx_anom":-0.44,"rain":1617.0,"rain12_pct":124,"elev":631.0}},{"type":"Feature","geometry":{"type":"Polygon","coordinates":[[[74.0,18.0],[75.0,18.0],[75.0,19.0],[74.0,19.0],[74.0,18.0]]]},"properties":{"lat":18.5,"lon":74.5,"heat":32,"flood":23,"drought":28,"climate":30,"tmax":41.9,"txx_anom":-0.66,"rain":779.0,"rain12_pct":104,"elev":507.0}},{"type":"Feature","geometry":{"type":"Polygon","coordinates":[[[75.0,18.0],[76.0,18.0],[76.0,19.0],[75.0,19.0],[75.0,18.0]]]},"properties":{"lat":18.5,"lon":75.5,"heat":26,"flood":15,"drought":80,"climate":64,"tmax":42.1,"txx_anom":-0.9,"rain":663.0,"rain12_pct":67,"elev":587.0}},{"type":"Feature","geometry":{"type":"Polygon","coordinates":[[[76.0,18.0],[77.0,18.0],[77.0,19.0],[76.0,19.0],[76.0,18.0]]]},"properties":{"lat":18.5,"lon":76.5,"heat":19,"flood":8,"drought":76,"climate":59,"tmax":42.1,"txx_anom":-1.16,"rain":740.0,"rain12_pct":72,"elev":611.0}},{"type":"Feature","geometry":{"type":"Polygon","coordinates":[[[77.0,18.0],[78.0,18.0],[78.0,19.0],[77.0,19.0],[77.0,18.0]]]},"properties":{"lat":18.5,"lon":77.5,"heat":22,"flood":33,"drought":52,"climate":45,"tmax":43.5,"txx_anom":-1.32,"rain":876.0,"rain12_pct":88,"elev":379.0}},{"type":"Feature","geometry":{"type":"Polygon","coordinates":[[[78.0,18.0],[79.0,18.0],[79.0,19.0],[78.0,19.0],[78.0,18.0]]]},"properties":{"lat":18.5,"lon":78.5,"heat":17,"flood":29,"drought":25,"climate":27,"tmax":43.4,"txx_anom":-1.85,"rain":872.0,"rain12_pct":99,"elev":580.0}},{"type":"Feature","geometry":{"type":"Polygon","coordinates":[[[79.0,18.0],[80.0,18.0],[80.0,19.0],[79.0,19.0],[79.0,18.0]]]},"properties":{"lat":18.5,"lon":79.5,"heat":20,"flood":45,"drought":21,"climate":38,"tmax":44.6,"txx_anom":-1.77,"rain":903.0,"rain12_pct":106,"elev":184.0}},{"type":"Feature","geometry":{"type":"Polygon","coordinates":[[[80.0,18.0],[81.0,18.0],[81.0,19.0],[80.0,19.0],[80.0,18.0]]]},"properties":{"lat":18.5,"lon":80.5,"heat":17,"flood":38,"drought":24,"climate":33,"tmax":44.4,"txx_anom":-1.53,"rain":1247.0,"rain12_pct":101,"elev":243.0}},{"type":"Feature","geometry":{"type":"Polygon","coordinates":[[[81.0,18.0],[82.0,18.0],[82.0,19.0],[81.0,19.0],[81.0,18.0]]]},"properties":{"lat":18.5,"lon":81.5,"heat":12,"flood":20,"drought":24,"climate":22,"tmax":43.0,"txx_anom":-1.44,"rain":1418.0,"rain12_pct":101,"elev":346.0}},{"type":"Feature","geometry":{"type":"Polygon","coordinates":[[[82.0,18.0],[83.0,18.0],[83.0,19.0],[82.0,19.0],[82.0,18.0]]]},"properties":{"lat":18.5,"lon":82.5,"heat":19,"flood":24,"drought":24,"climate":23,"tmax":39.3,"txx_anom":-0.85,"rain":1508.0,"rain12_pct":103,"elev":896.0}},{"type":"Feature","geometry":{"type":"Polygon","coordinates":[[[83.0,18.0],[84.0,18.0],[84.0,19.0],[83.0,19.0],[83.0,18.0]]]},"properties":{"lat":18.5,"lon":83.5,"heat":32,"flood":48,"drought":25,"climate":43,"tmax":42.5,"txx_anom":-0.56,"rain":1256.0,"rain12_pct":121,"elev":87.0}},{"type":"Feature","geometry":{"type":"Polygon","coordinates":[[[94.0,18.0],[95.0,18.0],[95.0,19.0],[94.0,19.0],[94.0,18.0]]]},"properties":{"lat":18.5,"lon":94.5,"heat":60,"flood":43,"drought":33,"climate":54,"tmax":36.5,"txx_anom":0.67,"rain":1012.0,"rain12_pct":198,"elev":248.0}},{"type":"Feature","geometry":{"type":"Polygon","coordinates":[[[95.0,18.0],[96.0,18.0],[96.0,19.0],[95.0,19.0],[95.0,18.0]]]},"properties":{"lat":18.5,"lon":95.5,"heat":56,"flood":40,"drought":31,"climate":51,"tmax":43.1,"txx_anom":-0.06,"rain":439.0,"rain12_pct":289,"elev":31.0}},{"type":"Feature","geometry":{"type":"Polygon","coordinates":[[[96.0,18.0],[97.0,18.0],[97.0,19.0],[96.0,19.0],[96.0,18.0]]]},"properties":{"lat":18.5,"lon":96.5,"heat":52,"flood":49,"drought":27,"climate":48,"tmax":42.2,"txx_anom":0.01,"rain":738.0,"rain12_pct":265,"elev":35.0}},{"type":"Feature","geometry":{"type":"Polygon","coordinates":[[[73.0,19.0],[74.0,19.0],[74.0,20.0],[73.0,20.0],[73.0,19.0]]]},"properties":{"lat":19.5,"lon":73.5,"heat":41,"flood":62,"drought":21,"climate":54,"tmax":41.9,"txx_anom":-0.28,"rain":1581.0,"rain12_pct":126,"elev":238.0}},{"type":"Feature","geometry":{"type":"Polygon","coordinates":[[[74.0,19.0],[75.0,19.0],[75.0,20.0],[74.0,20.0],[74.0,19.0]]]},"properties":{"lat":19.5,"lon":74.5,"heat":32,"flood":33,"drought":27,"climate":32,"tmax":41.8,"txx_anom":-0.67,"rain":810.0,"rain12_pct":101,"elev":529.0}},{"type":"Feature","geometry":{"type":"Polygon","coordinates":[[[75.0,19.0],[76.0,19.0],[76.0,20.0],[75.0,20.0],[75.0,19.0]]]},"properties":{"lat":19.5,"lon":75.5,"heat":34,"flood":14,"drought":76,"climate":62,"tmax":43.1,"txx_anom":-0.84,"rain":744.0,"rain12_pct":78,"elev":461.0}},{"type":"Feature","geometry":{"type":"Polygon","coordinates":[[[76.0,19.0],[77.0,19.0],[77.0,20.0],[76.0,20.0],[76.0,19.0]]]},"properties":{"lat":19.5,"lon":76.5,"heat":36,"flood":11,"drought":73,"climate":60,"tmax":43.8,"txx_anom":-0.85,"rain":805.0,"rain12_pct":81,"elev":411.0}},{"type":"Feature","geometry":{"type":"Polygon","coordinates":[[[77.0,19.0],[78.0,19.0],[78.0,20.0],[77.0,20.0],[77.0,19.0]]]},"properties":{"lat":19.5,"lon":77.5,"heat":32,"flood":33,"drought":61,"climate":53,"tmax":44.3,"txx_anom":-1.04,"rain":904.0,"rain12_pct":85,"elev":405.0}},{"type":"Feature","geometry":{"type":"Polygon","coordinates":[[[78.0,19.0],[79.0,19.0],[79.0,20.0],[78.0,20.0],[78.0,19.0]]]},"properties":{"lat":19.5,"lon":78.5,"heat":20,"flood":30,"drought":47,"climate":41,"tmax":44.5,"txx_anom":-1.65,"rain":955.0,"rain12_pct":90,"elev":447.0}},{"type":"Feature","geometry":{"type":"Polygon","coordinates":[[[79.0,19.0],[80.0,19.0],[80.0,20.0],[79.0,20.0],[79.0,19.0]]]},"properties":{"lat":19.5,"lon":79.5,"heat":21,"flood":40,"drought":31,"climate":36,"tmax":45.0,"txx_anom":-1.65,"rain":1071.0,"rain12_pct":96,"elev":224.0}},{"type":"Feature","geometry":{"type":"Polygon","coordinates":[[[80.0,19.0],[81.0,19.0],[81.0,20.0],[80.0,20.0],[80.0,19.0]]]},"properties":{"lat":19.5,"lon":80.5,"heat":15,"flood":24,"drought":22,"climate":23,"tmax":43.7,"txx_anom":-1.67,"rain":1362.0,"rain12_pct":110,"elev":274.0}},{"type":"Feature","geometry":{"type":"Polygon","coordinates":[[[81.0,19.0],[82.0,19.0],[82.0,20.0],[81.0,20.0],[81.0,19.0]]]},"properties":{"lat":19.5,"lon":81.5,"heat":6,"flood":17,"drought":21,"climate":18,"tmax":41.8,"txx_anom":-1.71,"rain":1405.0,"rain12_pct":116,"elev":563.0}},{"type":"Feature","geometry":{"type":"Polygon","coordinates":[[[82.0,19.0],[83.0,19.0],[83.0,20.0],[82.0,20.0],[82.0,19.0]]]},"properties":{"lat":19.5,"lon":82.5,"heat":6,"flood":25,"drought":20,"climate":22,"tmax":42.1,"txx_anom":-1.53,"rain":1431.0,"rain12_pct":108,"elev":619.0}},{"type":"Feature","geometry":{"type":"Polygon","coordinates":[[[83.0,19.0],[84.0,19.0],[84.0,20.0],[83.0,20.0],[83.0,19.0]]]},"properties":{"lat":19.5,"lon":83.5,"heat":21,"flood":20,"drought":25,"climate":24,"tmax":43.1,"txx_anom":-1.1,"rain":1339.0,"rain12_pct":108,"elev":414.0}},{"type":"Feature","geometry":{"type":"Polygon","coordinates":[[[84.0,19.0],[85.0,19.0],[85.0,20.0],[84.0,20.0],[84.0,19.0]]]},"properties":{"lat":19.5,"lon":84.5,"heat":23,"flood":14,"drought":25,"climate":23,"tmax":42.9,"txx_anom":-0.95,"rain":1380.0,"rain12_pct":122,"elev":368.0}},{"type":"Feature","geometry":{"type":"Polygon","coordinates":[[[94.0,19.0],[95.0,19.0],[95.0,20.0],[94.0,20.0],[94.0,19.0]]]},"properties":{"lat":19.5,"lon":94.5,"heat":51,"flood":27,"drought":32,"climate":45,"tmax":39.8,"txx_anom":0.22,"rain":699.0,"rain12_pct":206,"elev":744.0}},{"type":"Feature","geometry":{"type":"Polygon","coordinates":[[[95.0,19.0],[96.0,19.0],[96.0,20.0],[95.0,20.0],[95.0,19.0]]]},"properties":{"lat":19.5,"lon":95.5,"heat":47,"flood":13,"drought":31,"climate":40,"tmax":42.4,"txx_anom":-0.22,"rain":408.0,"rain12_pct":286,"elev":212.0}},{"type":"Feature","geometry":{"type":"Polygon","coordinates":[[[96.0,19.0],[97.0,19.0],[97.0,20.0],[96.0,20.0],[96.0,19.0]]]},"properties":{"lat":19.5,"lon":96.5,"heat":38,"flood":20,"drought":25,"climate":34,"tmax":41.3,"txx_anom":-0.36,"rain":659.0,"rain12_pct":273,"elev":789.0}},{"type":"Feature","geometry":{"type":"Polygon","coordinates":[[[73.0,20.0],[74.0,20.0],[74.0,21.0],[73.0,21.0],[73.0,20.0]]]},"properties":{"lat":20.5,"lon":73.5,"heat":40,"flood":31,"drought":23,"climate":37,"tmax":42.1,"txx_anom":-0.33,"rain":1370.0,"rain12_pct":123,"elev":282.0}},{"type":"Feature","geometry":{"type":"Polygon","coordinates":[[[74.0,20.0],[75.0,20.0],[75.0,21.0],[74.0,21.0],[74.0,20.0]]]},"properties":{"lat":20.5,"lon":74.5,"heat":35,"flood":7,"drought":57,"climate":47,"tmax":42.2,"txx_anom":-0.59,"rain":818.0,"rain12_pct":88,"elev":443.0}},{"type":"Feature","geometry":{"type":"Polygon","coordinates":[[[75.0,20.0],[76.0,20.0],[76.0,21.0],[75.0,21.0],[75.0,20.0]]]},"properties":{"lat":20.5,"lon":75.5,"heat":34,"flood":9,"drought":51,"climate":43,"tmax":43.4,"txx_anom":-0.86,"rain":795.0,"rain12_pct":90,"elev":428.0}},{"type":"Feature","geometry":{"type":"Polygon","coordinates":[[[76.0,20.0],[77.0,20.0],[77.0,21.0],[76.0,21.0],[76.0,20.0]]]},"properties":{"lat":20.5,"lon":76.5,"heat":32,"flood":20,"drought":44,"climate":39,"tmax":43.7,"txx_anom":-0.97,"rain":835.0,"rain12_pct":91,"elev":489.0}},{"type":"Feature","geometry":{"type":"Polygon","coordinates":[[[77.0,20.0],[78.0,20.0],[78.0,21.0],[77.0,21.0],[77.0,20.0]]]},"properties":{"lat":20.5,"lon":77.5,"heat":31,"flood":31,"drought":66,"climate":57,"tmax":44.8,"txx_anom":-1.14,"rain":922.0,"rain12_pct":81,"elev":391.0}},{"type":"Feature","geometry":{"type":"Polygon","coordinates":[[[78.0,20.0],[79.0,20.0],[79.0,21.0],[78.0,21.0],[78.0,20.0]]]},"properties":{"lat":20.5,"lon":78.5,"heat":22,"flood":36,"drought":60,"climate":52,"tmax":45.5,"txx_anom":-1.69,"rain":1027.0,"rain12_pct":85,"elev":245.0}},{"type":"Feature","geometry":{"type":"Polygon","coordinates":[[[79.0,20.0],[80.0,20.0],[80.0,21.0],[79.0,21.0],[79.0,20.0]]]},"properties":{"lat":20.5,"lon":79.5,"heat":22,"flood":44,"drought":62,"climate":54,"tmax":45.8,"txx_anom":-1.6,"rain":1209.0,"rain12_pct":85,"elev":228.0}},{"type":"Feature","geometry":{"type":"Polygon","coordinates":[[[80.0,20.0],[81.0,20.0],[81.0,21.0],[80.0,21.0],[80.0,20.0]]]},"properties":{"lat":20.5,"lon":80.5,"heat":18,"flood":47,"drought":22,"climate":40,"tmax":44.7,"txx_anom":-1.48,"rain":1347.0,"rain12_pct":99,"elev":365.0}},{"type":"Feature","geometry":{"type":"Polygon","coordinates":[[[81.0,20.0],[82.0,20.0],[82.0,21.0],[81.0,21.0],[81.0,20.0]]]},"properties":{"lat":20.5,"lon":81.5,"heat":18,"flood":39,"drought":16,"climate":33,"tmax":43.9,"txx_anom":-1.33,"rain":1340.0,"rain12_pct":111,"elev":360.0}},{"type":"Feature","geometry":{"type":"Polygon","coordinates":[[[82.0,20.0],[83.0,20.0],[83.0,21.0],[82.0,21.0],[82.0,20.0]]]},"properties":{"lat":20.5,"lon":82.5,"heat":21,"flood":30,"drought":17,"climate":27,"tmax":44.0,"txx_anom":-1.25,"rain":1305.0,"rain12_pct":112,"elev":722.0}},{"type":"Feature","geometry":{"type":"Polygon","coordinates":[[[83.0,20.0],[84.0,20.0],[84.0,21.0],[83.0,21.0],[83.0,20.0]]]},"properties":{"lat":20.5,"lon":83.5,"heat":29,"flood":41,"drought":23,"climate":37,"tmax":44.6,"txx_anom":-1.08,"rain":1402.0,"rain12_pct":108,"elev":164.0}},{"type":"Feature","geometry":{"type":"Polygon","coordinates":[[[84.0,20.0],[85.0,20.0],[85.0,21.0],[84.0,21.0],[84.0,20.0]]]},"properties":{"lat":20.5,"lon":84.5,"heat":22,"flood":26,"drought":22,"climate":25,"tmax":43.7,"txx_anom":-1.17,"rain":1466.0,"rain12_pct":115,"elev":423.0}},{"type":"Feature","geometry":{"type":"Polygon","coordinates":[[[85.0,20.0],[86.0,20.0],[86.0,21.0],[85.0,21.0],[85.0,20.0]]]},"properties":{"lat":20.5,"lon":85.5,"heat":23,"flood":57,"drought":21,"climate":48,"tmax":44.6,"txx_anom":-1.11,"rain":1527.0,"rain12_pct":119,"elev":98.0}},{"type":"Feature","geometry":{"type":"Polygon","coordinates":[[[86.0,20.0],[87.0,20.0],[87.0,21.0],[86.0,21.0],[86.0,20.0]]]},"properties":{"lat":20.5,"lon":86.5,"heat":28,"flood":71,"drought":19,"climate":58,"tmax":43.3,"txx_anom":-0.77,"rain":1574.0,"rain12_pct":133,"elev":2.0}},{"type":"Feature","geometry":{"type":"Polygon","coordinates":[[[93.0,20.0],[94.0,20.0],[94.0,21.0],[93.0,21.0],[93.0,20.0]]]},"properties":{"lat":20.5,"lon":93.5,"heat":57,"flood":56,"drought":25,"climate":53,"tmax":39.3,"txx_anom":0.45,"rain":1042.0,"rain12_pct":182,"elev":297.0}},{"type":"Feature","geometry":{"type":"Polygon","coordinates":[[[94.0,20.0],[95.0,20.0],[95.0,21.0],[94.0,21.0],[94.0,20.0]]]},"properties":{"lat":20.5,"lon":94.5,"heat":52,"flood":38,"drought":32,"climate":47,"tmax":42.1,"txx_anom":0.05,"rain":677.0,"rain12_pct":160,"elev":130.0}},{"type":"Feature","geometry":{"type":"Polygon","coordinates":[[[95.0,20.0],[96.0,20.0],[96.0,21.0],[95.0,21.0],[95.0,20.0]]]},"properties":{"lat":20.5,"lon":95.5,"heat":52,"flood":3,"drought":35,"climate":43,"tmax":42.0,"txx_anom":0.07,"rain":287.0,"rain12_pct":287,"elev":275.0}},{"type":"Feature","geometry":{"type":"Polygon","coordinates":[[[96.0,20.0],[97.0,20.0],[97.0,21.0],[96.0,21.0],[96.0,20.0]]]},"properties":{"lat":20.5,"lon":96.5,"heat":75,"flood":7,"drought":33,"climate":60,"tmax":40.2,"txx_anom":-0.29,"rain":356.0,"rain12_pct":311,"elev":1363.0}},{"type":"Feature","geometry":{"type":"Polygon","coordinates":[[[70.0,21.0],[71.0,21.0],[71.0,22.0],[70.0,22.0],[70.0,21.0]]]},"properties":{"lat":21.5,"lon":70.5,"heat":49,"flood":43,"drought":29,"climate":46,"tmax":44.2,"txx_anom":-0.35,"rain":734.0,"rain12_pct":97,"elev":605.0}},{"type":"Feature","geometry":{"type":"Polygon","coordinates":[[[71.0,21.0],[72.0,21.0],[72.0,22.0],[71.0,22.0],[71.0,21.0]]]},"properties":{"lat":21.5,"lon":71.5,"heat":50,"flood":49,"drought":26,"climate":47,"tmax":45.0,"txx_anom":-0.48,"rain":716.0,"rain12_pct":110,"elev":92.0}},{"type":"Feature","geometry":{"type":"Polygon","coordinates":[[[73.0,21.0],[74.0,21.0],[74.0,22.0],[73.0,22.0],[73.0,21.0]]]},"properties":{"lat":21.5,"lon":73.5,"heat":52,"flood":34,"drought":21,"climate":45,"tmax":44.5,"txx_anom":-0.29,"rain":1149.0,"rain12_pct":104,"elev":228.0}},{"type":"Feature","geometry":{"type":"Polygon","coordinates":[[[74.0,21.0],[75.0,21.0],[75.0,22.0],[74.0,22.0],[74.0,21.0]]]},"properties":{"lat":21.5,"lon":74.5,"heat":52,"flood":36,"drought":48,"climate":49,"tmax":44.6,"txx_anom":-0.32,"rain":856.0,"rain12_pct":89,"elev":150.0}},{"type":"Feature","geometry":{"type":"Polygon","coordinates":[[[75.0,21.0],[76.0,21.0],[76.0,22.0],[75.0,22.0],[75.0,21.0]]]},"properties":{"lat":21.5,"lon":75.5,"heat":41,"flood":22,"drought":24,"climate":36,"tmax":44.8,"txx_anom":-0.77,"rain":814.0,"rain12_pct":109,"elev":600.0}},{"type":"Feature","geometry":{"type":"Polygon","coordinates":[[[76.0,21.0],[77.0,21.0],[77.0,22.0],[76.0,22.0],[76.0,21.0]]]},"properties":{"lat":21.5,"lon":76.5,"heat":37,"flood":27,"drought":20,"climate":33,"tmax":45.0,"txx_anom":-0.92,"rain":923.0,"rain12_pct":101,"elev":322.0}},{"type":"Feature","geometry":{"type":"Polygon","coordinates":[[[77.0,21.0],[78.0,21.0],[78.0,22.0],[77.0,22.0],[77.0,21.0]]]},"properties":{"lat":21.5,"lon":77.5,"heat":48,"flood":16,"drought":61,"climate":53,"tmax":43.4,"txx_anom":-1.24,"rain":1018.0,"rain12_pct":84,"elev":1034.0}},{"type":"Feature","geometry":{"type":"Polygon","coordinates":[[[78.0,21.0],[79.0,21.0],[79.0,22.0],[78.0,22.0],[78.0,21.0]]]},"properties":{"lat":21.5,"lon":78.5,"heat":23,"flood":24,"drought":64,"climate":53,"tmax":44.5,"txx_anom":-1.32,"rain":1065.0,"rain12_pct":83,"elev":420.0}},{"type":"Feature","geometry":{"type":"Polygon","coordinates":[[[79.0,21.0],[80.0,21.0],[80.0,22.0],[79.0,22.0],[79.0,21.0]]]},"properties":{"lat":21.5,"lon":79.5,"heat":19,"flood":34,"drought":59,"climate":50,"tmax":45.0,"txx_anom":-1.51,"rain":1182.0,"rain12_pct":85,"elev":361.0}},{"type":"Feature","geometry":{"type":"Polygon","coordinates":[[[80.0,21.0],[81.0,21.0],[81.0,22.0],[80.0,22.0],[80.0,21.0]]]},"properties":{"lat":21.5,"lon":80.5,"heat":27,"flood":33,"drought":17,"climate":30,"tmax":44.9,"txx_anom":-1.16,"rain":1273.0,"rain12_pct":101,"elev":310.0}},{"type":"Feature","geometry":{"type":"Polygon","coordinates":[[[81.0,21.0],[82.0,21.0],[82.0,22.0],[81.0,22.0],[81.0,21.0]]]},"properties":{"lat":21.5,"lon":81.5,"heat":33,"flood":43,"drought":16,"climate":38,"tmax":45.6,"txx_anom":-1.02,"rain":1243.0,"rain12_pct":111,"elev":290.0}},{"type":"Feature","geometry":{"type":"Polygon","coordinates":[[[82.0,21.0],[83.0,21.0],[83.0,22.0],[82.0,22.0],[82.0,21.0]]]},"properties":{"lat":21.5,"lon":82.5,"heat":25,"flood":41,"drought":15,"climate":35,"tmax":45.4,"txx_anom":-1.26,"rain":1275.0,"rain12_pct":123,"elev":399.0}},{"type":"Feature","geometry":{"type":"Polygon","coordinates":[[[83.0,21.0],[84.0,21.0],[84.0,22.0],[83.0,22.0],[83.0,21.0]]]},"properties":{"lat":21.5,"lon":83.5,"heat":31,"flood":37,"drought":20,"climate":34,"tmax":45.2,"txx_anom":-1.05,"rain":1389.0,"rain12_pct":133,"elev":201.0}},{"type":"Feature","geometry":{"type":"Polygon","coordinates":[[[84.0,21.0],[85.0,21.0],[85.0,22.0],[84.0,22.0],[84.0,21.0]]]},"properties":{"lat":21.5,"lon":84.5,"heat":29,"flood":30,"drought":21,"climate":29,"tmax":44.9,"txx_anom":-1.08,"rain":1429.0,"rain12_pct":138,"elev":260.0}},{"type":"Feature","geometry":{"type":"Polygon","coordinates":[[[85.0,21.0],[86.0,21.0],[86.0,22.0],[85.0,22.0],[85.0,21.0]]]},"properties":{"lat":21.5,"lon":85.5,"heat":9,"flood":32,"drought":18,"climate":27,"tmax":43.1,"txx_anom":-1.46,"rain":1477.0,"rain12_pct":143,"elev":590.0}},{"type":"Feature","geometry":{"type":"Polygon","coordinates":[[[86.0,21.0],[87.0,21.0],[87.0,22.0],[86.0,22.0],[86.0,21.0]]]},"properties":{"lat":21.5,"lon":86.5,"heat":17,"flood":61,"drought":18,"climate":49,"tmax":43.0,"txx_anom":-1.12,"rain":1550.0,"rain12_pct":147,"elev":58.0}},{"type":"Feature","geometry":{"type":"Polygon","coordinates":[[[92.0,21.0],[93.0,21.0],[93.0,22.0],[92.0,22.0],[92.0,21.0]]]},"properties":{"lat":21.5,"lon":92.5,"heat":35,"flood":74,"drought":12,"climate":61,"tmax":38.1,"txx_anom":-0.32,"rain":2482.0,"rain12_pct":147,"elev":206.0}},{"type":"Feature","geometry":{"type":"Polygon","coordinates":[[[93.0,21.0],[94.0,21.0],[94.0,22.0],[93.0,22.0],[93.0,21.0]]]},"properties":{"lat":21.5,"lon":93.5,"heat":82,"flood":41,"drought":28,"climate":69,"tmax":36.4,"txx_anom":0.26,"rain":915.0,"rain12_pct":175,"elev":1209.0}},{"type":"Feature","geometry":{"type":"Polygon","coordinates":[[[94.0,21.0],[95.0,21.0],[95.0,22.0],[94.0,22.0],[94.0,21.0]]]},"properties":{"lat":21.5,"lon":94.5,"heat":56,"flood":17,"drought":37,"climate":48,"tmax":41.9,"txx_anom":0.31,"rain":480.0,"rain12_pct":163,"elev":205.0}},{"type":"Feature","geometry":{"type":"Polygon","coordinates":[[[95.0,21.0],[96.0,21.0],[96.0,22.0],[95.0,22.0],[95.0,21.0]]]},"properties":{"lat":21.5,"lon":95.5,"heat":56,"flood":22,"drought":36,"climate":49,"tmax":43.1,"txx_anom":0.05,"rain":223.0,"rain12_pct":264,"elev":124.0}},{"type":"Feature","geometry":{"type":"Polygon","coordinates":[[[96.0,21.0],[97.0,21.0],[97.0,22.0],[96.0,22.0],[96.0,21.0]]]},"properties":{"lat":21.5,"lon":96.5,"heat":49,"flood":0,"drought":36,"climate":41,"tmax":42.0,"txx_anom":-0.01,"rain":216.0,"rain12_pct":313,"elev":504.0}},{"type":"Feature","geometry":{"type":"Polygon","coordinates":[[[70.0,22.0],[71.0,22.0],[71.0,23.0],[70.0,23.0],[70.0,22.0]]]},"properties":{"lat":22.5,"lon":70.5,"heat":58,"flood":74,"drought":42,"climate":68,"tmax":44.0,"txx_anom":-0.04,"rain":623.0,"rain12_pct":86,"elev":60.0}},{"type":"Feature","geometry":{"type":"Polygon","coordinates":[[[71.0,22.0],[72.0,22.0],[72.0,23.0],[71.0,23.0],[71.0,22.0]]]},"properties":{"lat":22.5,"lon":71.5,"heat":60,"flood":48,"drought":32,"climate":55,"tmax":45.3,"txx_anom":-0.2,"rain":666.0,"rain12_pct":96,"elev":113.0}},{"type":"Feature","geometry":{"type":"Polygon","coordinates":[[[72.0,22.0],[73.0,22.0],[73.0,23.0],[72.0,23.0],[72.0,22.0]]]},"properties":{"lat":22.5,"lon":72.5,"heat":51,"flood":62,"drought":22,"climate":55,"tmax":45.3,"txx_anom":-0.48,"rain":779.0,"rain12_pct":124,"elev":17.0}},{"type":"Feature","geometry":{"type":"Polygon","coordinates":[[[73.0,22.0],[74.0,22.0],[74.0,23.0],[73.0,23.0],[73.0,22.0]]]},"properties":{"lat":22.5,"lon":73.5,"heat":56,"flood":56,"drought":30,"climate":53,"tmax":45.7,"txx_anom":-0.31,"rain":955.0,"rain12_pct":95,"elev":129.0}},{"type":"Feature","geometry":{"type":"Polygon","coordinates":[[[74.0,22.0],[75.0,22.0],[75.0,23.0],[74.0,23.0],[74.0,22.0]]]},"properties":{"lat":22.5,"lon":74.5,"heat":53,"flood":36,"drought":32,"climate":48,"tmax":44.7,"txx_anom":-0.27,"rain":891.0,"rain12_pct":95,"elev":379.0}},{"type":"Feature","geometry":{"type":"Polygon","coordinates":[[[75.0,22.0],[76.0,22.0],[76.0,23.0],[75.0,23.0],[75.0,22.0]]]},"properties":{"lat":22.5,"lon":75.5,"heat":49,"flood":34,"drought":31,"climate":45,"tmax":45.0,"txx_anom":-0.44,"rain":889.0,"rain12_pct":94,"elev":547.0}},{"type":"Feature","geometry":{"type":"Polygon","coordinates":[[[76.0,22.0],[77.0,22.0],[77.0,23.0],[76.0,23.0],[76.0,22.0]]]},"properties":{"lat":22.5,"lon":76.5,"heat":50,"flood":37,"drought":23,"climate":45,"tmax":45.8,"txx_anom":-0.49,"rain":995.0,"rain12_pct":97,"elev":299.0}},{"type":"Feature","geometry":{"type":"Polygon","coordinates":[[[77.0,22.0],[78.0,22.0],[78.0,23.0],[77.0,23.0],[77.0,22.0]]]},"properties":{"lat":22.5,"lon":77.5,"heat":38,"flood":52,"drought":44,"climate":49,"tmax":45.5,"txx_anom":-0.88,"rain":1276.0,"rain12_pct":89,"elev":304.0}},{"type":"Feature","geometry":{"type":"Polygon","coordinates":[[[78.0,22.0],[79.0,22.0],[79.0,23.0],[78.0,23.0],[78.0,22.0]]]},"properties":{"lat":22.5,"lon":78.5,"heat":22,"flood":58,"drought":57,"climate":53,"tmax":43.1,"txx_anom":-1.08,"rain":1300.0,"rain12_pct":85,"elev":682.0}},{"type":"Feature","geometry":{"type":"Polygon","coordinates":[[[79.0,22.0],[80.0,22.0],[80.0,23.0],[79.0,23.0],[79.0,22.0]]]},"properties":{"lat":22.5,"lon":79.5,"heat":26,"flood":58,"drought":58,"climate":54,"tmax":43.7,"txx_anom":-1.01,"rain":1271.0,"rain12_pct":84,"elev":568.0}},{"type":"Feature","geometry":{"type":"Polygon","coordinates":[[[80.0,22.0],[81.0,22.0],[81.0,23.0],[80.0,23.0],[80.0,22.0]]]},"properties":{"lat":22.5,"lon":80.5,"heat":18,"flood":30,"drought":17,"climate":27,"tmax":43.5,"txx_anom":-1.27,"rain":1304.0,"rain12_pct":110,"elev":462.0}},{"type":"Feature","geometry":{"type":"Polygon","coordinates":[[[81.0,22.0],[82.0,22.0],[82.0,23.0],[81.0,23.0],[81.0,22.0]]]},"properties":{"lat":22.5,"lon":81.5,"heat":13,"flood":28,"drought":17,"climate":25,"tmax":43.0,"txx_anom":-1.38,"rain":1250.0,"rain12_pct":121,"elev":772.0}},{"type":"Feature","geometry":{"type":"Polygon","coordinates":[[[82.0,22.0],[83.0,22.0],[83.0,23.0],[82.0,23.0],[82.0,22.0]]]},"properties":{"lat":22.5,"lon":82.5,"heat":19,"flood":30,"drought":17,"climate":27,"tmax":44.7,"txx_anom":-1.4,"rain":1280.0,"rain12_pct":126,"elev":332.0}},{"type":"Feature","geometry":{"type":"Polygon","coordinates":[[[83.0,22.0],[84.0,22.0],[84.0,23.0],[83.0,23.0],[83.0,22.0]]]},"properties":{"lat":22.5,"lon":83.5,"heat":20,"flood":36,"drought":20,"climate":32,"tmax":43.9,"txx_anom":-1.22,"rain":1352.0,"rain12_pct":139,"elev":558.0}},{"type":"Feature","geometry":{"type":"Polygon","coordinates":[[[84.0,22.0],[85.0,22.0],[85.0,23.0],[84.0,23.0],[84.0,22.0]]]},"properties":{"lat":22.5,"lon":84.5,"heat":21,"flood":26,"drought":22,"climate":25,"tmax":44.2,"txx_anom":-1.23,"rain":1367.0,"rain12_pct":135,"elev":358.0}},{"type":"Feature","geometry":{"type":"Polygon","coordinates":[[[85.0,22.0],[86.0,22.0],[86.0,23.0],[85.0,23.0],[85.0,22.0]]]},"properties":{"lat":22.5,"lon":85.5,"heat":18,"flood":33,"drought":19,"climate":29,"tmax":43.8,"txx_anom":-1.28,"rain":1449.0,"rain12_pct":131,"elev":453.0}},{"type":"Feature","geometry":{"type":"Polygon","coordinates":[[[86.0,22.0],[87.0,22.0],[87.0,23.0],[86.0,23.0],[86.0,22.0]]]},"properties":{"lat":22.5,"lon":86.5,"heat":24,"flood":55,"drought":19,"climate":46,"tmax":44.2,"txx_anom":-1.08,"rain":1465.0,"rain12_pct":134,"elev":85.0}},{"type":"Feature","geometry":{"type":"Polygon","coordinates":[[[87.0,22.0],[88.0,22.0],[88.0,23.0],[87.0,23.0],[87.0,22.0]]]},"properties":{"lat":22.5,"lon":87.5,"heat":45,"flood":67,"drought":24,"climate":58,"tmax":44.3,"txx_anom":-0.24,"rain":1474.0,"rain12_pct":117,"elev":19.0}},{"type":"Feature","geometry":{"type":"Polygon","coordinates":[[[88.0,22.0],[89.0,22.0],[89.0,23.0],[88.0,23.0],[88.0,22.0]]]},"properties":{"lat":22.5,"lon":88.5,"heat":67,"flood":78,"drought":24,"climate":69,"tmax":43.8,"txx_anom":1.27,"rain":1623.0,"rain12_pct":124,"elev":3.0}},{"type":"Feature","geometry":{"type":"Polygon","coordinates":[[[89.0,22.0],[90.0,22.0],[90.0,23.0],[89.0,23.0],[89.0,22.0]]]},"properties":{"lat":22.5,"lon":89.5,"heat":66,"flood":85,"drought":20,"climate":74,"tmax":42.9,"txx_anom":1.09,"rain":1732.0,"rain12_pct":132,"elev":2.0}},{"type":"Feature","geometry":{"type":"Polygon","coordinates":[[[90.0,22.0],[91.0,22.0],[91.0,23.0],[90.0,23.0],[90.0,22.0]]]},"properties":{"lat":22.5,"lon":90.5,"heat":58,"flood":100,"drought":14,"climate":83,"tmax":38.4,"txx_anom":0.48,"rain":2365.0,"rain12_pct":139,"elev":2.0}},{"type":"Feature","geometry":{"type":"Polygon","coordinates":[[[91.0,22.0],[92.0,22.0],[92.0,23.0],[91.0,23.0],[91.0,22.0]]]},"properties":{"lat":22.5,"lon":91.5,"heat":54,"flood":99,"drought":19,"climate":82,"tmax":34.2,"txx_anom":0.35,"rain":2606.0,"rain12_pct":139,"elev":8.0}},{"type":"Feature","geometry":{"type":"Polygon","coordinates":[[[92.0,22.0],[93.0,22.0],[93.0,23.0],[92.0,23.0],[92.0,22.0]]]},"properties":{"lat":22.5,"lon":92.5,"heat":37,"flood":66,"drought":15,"climate":55,"tmax":38.0,"txx_anom":-0.22,"rain":2103.0,"rain12_pct":156,"elev":259.0}},{"type":"Feature","geometry":{"type":"Polygon","coordinates":[[[93.0,22.0],[94.0,22.0],[94.0,23.0],[93.0,23.0],[93.0,22.0]]]},"properties":{"lat":22.5,"lon":93.5,"heat":76,"flood":21,"drought":32,"climate":63,"tmax":37.6,"txx_anom":-0.28,"rain":554.0,"rain12_pct":219,"elev":2242.0}},{"type":"Feature","geometry":{"type":"Polygon","coordinates":[[[94.0,22.0],[95.0,22.0],[95.0,23.0],[94.0,23.0],[94.0,22.0]]]},"properties":{"lat":22.5,"lon":94.5,"heat":47,"flood":6,"drought":39,"climate":40,"tmax":42.2,"txx_anom":-0.09,"rain":285.0,"rain12_pct":227,"elev":255.0}},{"type":"Feature","geometry":{"type":"Polygon","coordinates":[[[95.0,22.0],[96.0,22.0],[96.0,23.0],[95.0,23.0],[95.0,22.0]]]},"properties":{"lat":22.5,"lon":95.5,"heat":58,"flood":26,"drought":36,"climate":51,"tmax":43.8,"txx_anom":-0.09,"rain":183.0,"rain12_pct":256,"elev":89.0}},{"type":"Feature","geometry":{"type":"Polygon","coordinates":[[[96.0,22.0],[97.0,22.0],[97.0,23.0],[96.0,23.0],[96.0,22.0]]]},"properties":{"lat":22.5,"lon":96.5,"heat":70,"flood":0,"drought":37,"climate":56,"tmax":40.8,"txx_anom":-0.49,"rain":210.0,"rain12_pct":256,"elev":1046.0}},{"type":"Feature","geometry":{"type":"Polygon","coordinates":[[[68.0,23.0],[69.0,23.0],[69.0,24.0],[68.0,24.0],[68.0,23.0]]]},"properties":{"lat":23.5,"lon":68.5,"heat":22,"flood":100,"drought":66,"climate":85,"tmax":41.2,"txx_anom":-0.82,"rain":342.0,"rain12_pct":55,"elev":2.0}},{"type":"Feature","geometry":{"type":"Polygon","coordinates":[[[69.0,23.0],[70.0,23.0],[70.0,24.0],[69.0,24.0],[69.0,23.0]]]},"properties":{"lat":23.5,"lon":69.5,"heat":41,"flood":99,"drought":61,"climate":86,"tmax":44.0,"txx_anom":-0.57,"rain":358.0,"rain12_pct":59,"elev":7.0}},{"type":"Feature","geometry":{"type":"Polygon","coordinates":[[[70.0,23.0],[71.0,23.0],[71.0,24.0],[70.0,24.0],[70.0,23.0]]]},"properties":{"lat":23.5,"lon":70.5,"heat":66,"flood":56,"drought":50,"climate":63,"tmax":45.7,"txx_anom":-0.0,"rain":460.0,"rain12_pct":79,"elev":93.0}},{"type":"Feature","geometry":{"type":"Polygon","coordinates":[[[71.0,23.0],[72.0,23.0],[72.0,24.0],[71.0,24.0],[71.0,23.0]]]},"properties":{"lat":23.5,"lon":71.5,"heat":72,"flood":55,"drought":46,"climate":66,"tmax":46.4,"txx_anom":0.13,"rain":558.0,"rain12_pct":86,"elev":2.0}},{"type":"Feature","geometry":{"type":"Polygon","coordinates":[[[72.0,23.0],[73.0,23.0],[73.0,24.0],[72.0,24.0],[72.0,23.0]]]},"properties":{"lat":23.5,"lon":72.5,"heat":64,"flood":53,"drought":24,"climate":57,"tmax":46.2,"txx_anom":-0.11,"rain":688.0,"rain12_pct":110,"elev":94.0}},{"type":"Feature","geometry":{"type":"Polygon","coordinates":[[[73.0,23.0],[74.0,23.0],[74.0,24.0],[73.0,24.0],[73.0,23.0]]]},"properties":{"lat":23.5,"lon":73.5,"heat":56,"flood":32,"drought":23,"climate":48,"tmax":45.8,"txx_anom":-0.35,"rain":764.0,"rain12_pct":109,"elev":233.0}},{"type":"Feature","geometry":{"type":"Polygon","coordinates":[[[74.0,23.0],[75.0,23.0],[75.0,24.0],[74.0,24.0],[74.0,23.0]]]},"properties":{"lat":23.5,"lon":74.5,"heat":60,"flood":24,"drought":23,"climate":50,"tmax":45.8,"txx_anom":-0.1,"rain":805.0,"rain12_pct":106,"elev":312.0}},{"type":"Feature","geometry":{"type":"Polygon","coordinates":[[[75.0,23.0],[76.0,23.0],[76.0,24.0],[75.0,24.0],[75.0,23.0]]]},"properties":{"lat":23.5,"lon":75.5,"heat":57,"flood":29,"drought":25,"climate":49,"tmax":45.0,"txx_anom":-0.07,"rain":863.0,"rain12_pct":103,"elev":492.0}},{"type":"Feature","geometry":{"type":"Polygon","coordinates":[[[76.0,23.0],[77.0,23.0],[77.0,24.0],[76.0,24.0],[76.0,23.0]]]},"properties":{"lat":23.5,"lon":76.5,"heat":61,"flood":25,"drought":28,"climate":52,"tmax":45.5,"txx_anom":-0.04,"rain":935.0,"rain12_pct":105,"elev":433.0}},{"type":"Feature","geometry":{"type":"Polygon","coordinates":[[[77.0,23.0],[78.0,23.0],[78.0,24.0],[77.0,24.0],[77.0,23.0]]]},"properties":{"lat":23.5,"lon":77.5,"heat":38,"flood":37,"drought":48,"climate":45,"tmax":44.7,"txx_anom":-0.74,"rain":1188.0,"rain12_pct":86,"elev":468.0}},{"type":"Feature","geometry":{"type":"Polygon","coordinates":[[[78.0,23.0],[79.0,23.0],[79.0,24.0],[78.0,24.0],[78.0,23.0]]]},"properties":{"lat":23.5,"lon":78.5,"heat":33,"flood":40,"drought":50,"climate":46,"tmax":45.0,"txx_anom":-0.95,"rain":1223.0,"rain12_pct":87,"elev":585.0}},{"type":"Feature","geometry":{"type":"Polygon","coordinates":[[[79.0,23.0],[80.0,23.0],[80.0,24.0],[79.0,24.0],[79.0,23.0]]]},"properties":{"lat":23.5,"lon":79.5,"heat":35,"flood":53,"drought":46,"climate":50,"tmax":45.4,"txx_anom":-0.95,"rain":1231.0,"rain12_pct":89,"elev":423.0}},{"type":"Feature","geometry":{"type":"Polygon","coordinates":[[[80.0,23.0],[81.0,23.0],[81.0,24.0],[80.0,24.0],[80.0,23.0]]]},"properties":{"lat":23.5,"lon":80.5,"heat":19,"flood":35,"drought":19,"climate":31,"tmax":44.3,"txx_anom":-1.37,"rain":1202.0,"rain12_pct":129,"elev":571.0}},{"type":"Feature","geometry":{"type":"Polygon","coordinates":[[[81.0,23.0],[82.0,23.0],[82.0,24.0],[81.0,24.0],[81.0,23.0]]]},"properties":{"lat":23.5,"lon":81.5,"heat":18,"flood":24,"drought":19,"climate":23,"tmax":44.2,"txx_anom":-1.4,"rain":1156.0,"rain12_pct":140,"elev":562.0}},{"type":"Feature","geometry":{"type":"Polygon","coordinates":[[[82.0,23.0],[83.0,23.0],[83.0,24.0],[82.0,24.0],[82.0,23.0]]]},"properties":{"lat":23.5,"lon":82.5,"heat":15,"flood":27,"drought":20,"climate":24,"tmax":43.1,"txx_anom":-1.33,"rain":1162.0,"rain12_pct":136,"elev":790.0}},{"type":"Feature","geometry":{"type":"Polygon","coordinates":[[[83.0,23.0],[84.0,23.0],[84.0,24.0],[83.0,24.0],[83.0,23.0]]]},"properties":{"lat":23.5,"lon":83.5,"heat":23,"flood":27,"drought":22,"climate":26,"tmax":42.4,"txx_anom":-0.96,"rain":1245.0,"rain12_pct":132,"elev":692.0}},{"type":"Feature","geometry":{"type":"Polygon","coordinates":[[[84.0,23.0],[85.0,23.0],[85.0,24.0],[84.0,24.0],[84.0,23.0]]]},"properties":{"lat":23.5,"lon":84.5,"heat":35,"flood":29,"drought":23,"climate":33,"tmax":42.5,"txx_anom":-0.57,"rain":1296.0,"rain12_pct":123,"elev":766.0}},{"type":"Feature","geometry":{"type":"Polygon","coordinates":[[[85.0,23.0],[86.0,23.0],[86.0,24.0],[85.0,24.0],[85.0,23.0]]]},"properties":{"lat":23.5,"lon":85.5,"heat":35,"flood":43,"drought":22,"climate":39,"tmax":43.8,"txx_anom":-0.67,"rain":1326.0,"rain12_pct":115,"elev":663.0}},{"type":"Feature","geometry":{"type":"Polygon","coordinates":[[[86.0,23.0],[87.0,23.0],[87.0,24.0],[86.0,24.0],[86.0,23.0]]]},"properties":{"lat":23.5,"lon":86.5,"heat":30,"flood":62,"drought":22,"climate":52,"tmax":44.2,"txx_anom":-0.89,"rain":1345.0,"rain12_pct":110,"elev":189.0}},{"type":"Feature","geometry":{"type":"Polygon","coordinates":[[[87.0,23.0],[88.0,23.0],[88.0,24.0],[87.0,24.0],[87.0,23.0]]]},"properties":{"lat":23.5,"lon":87.5,"heat":40,"flood":59,"drought":23,"climate":52,"tmax":44.5,"txx_anom":-0.52,"rain":1268.0,"rain12_pct":111,"elev":53.0}},{"type":"Feature","geometry":{"type":"Polygon","coordinates":[[[88.0,23.0],[89.0,23.0],[89.0,24.0],[88.0,24.0],[88.0,23.0]]]},"properties":{"lat":23.5,"lon":88.5,"heat":68,"flood":58,"drought":22,"climate":61,"tmax":44.7,"txx_anom":0.53,"rain":1305.0,"rain12_pct":138,"elev":11.0}},{"type":"Feature","geometry":{"type":"Polygon","coordinates":[[[89.0,23.0],[90.0,23.0],[90.0,24.0],[89.0,24.0],[89.0,23.0]]]},"properties":{"lat":23.5,"lon":89.5,"heat":66,"flood":79,"drought":16,"climate":69,"tmax":43.5,"txx_anom":0.55,"rain":1414.0,"rain12_pct":156,"elev":3.0}},{"type":"Feature","geometry":{"type":"Polygon","coordinates":[[[90.0,23.0],[91.0,23.0],[91.0,24.0],[90.0,24.0],[90.0,23.0]]]},"properties":{"lat":23.5,"lon":90.5,"heat":55,"flood":88,"drought":12,"climate":73,"tmax":40.2,"txx_anom":0.34,"rain":1927.0,"rain12_pct":134,"elev":4.0}},{"type":"Feature","geometry":{"type":"Polygon","coordinates":[[[91.0,23.0],[92.0,23.0],[92.0,24.0],[91.0,24.0],[91.0,23.0]]]},"properties":{"lat":23.5,"lon":91.5,"heat":45,"flood":77,"drought":14,"climate":64,"tmax":39.4,"txx_anom":0.02,"rain":2134.0,"rain12_pct":125,"elev":39.0}},{"type":"Feature","geometry":{"type":"Polygon","coordinates":[[[92.0,23.0],[93.0,23.0],[93.0,24.0],[92.0,24.0],[92.0,23.0]]]},"properties":{"lat":23.5,"lon":92.5,"heat":50,"flood":30,"drought":14,"climate":43,"tmax":36.6,"txx_anom":0.2,"rain":1885.0,"rain12_pct":140,"elev":737.0}},{"type":"Feature","geometry":{"type":"Polygon","coordinates":[[[93.0,23.0],[94.0,23.0],[94.0,24.0],[93.0,24.0],[93.0,23.0]]]},"properties":{"lat":23.5,"lon":93.5,"heat":67,"flood":15,"drought":32,"climate":55,"tmax":36.4,"txx_anom":-0.57,"rain":584.0,"rain12_pct":194,"elev":1399.0}},{"type":"Feature","geometry":{"type":"Polygon","coordinates":[[[94.0,23.0],[95.0,23.0],[95.0,24.0],[94.0,24.0],[94.0,23.0]]]},"properties":{"lat":23.5,"lon":94.5,"heat":35,"flood":4,"drought":35,"climate":31,"tmax":41.0,"txx_anom":-0.39,"rain":433.0,"rain12_pct":175,"elev":270.0}},{"type":"Feature","geometry":{"type":"Polygon","coordinates":[[[95.0,23.0],[96.0,23.0],[96.0,24.0],[95.0,24.0],[95.0,23.0]]]},"properties":{"lat":23.5,"lon":95.5,"heat":38,"flood":16,"drought":29,"climate":34,"tmax":43.1,"txx_anom":-0.58,"rain":279.0,"rain12_pct":226,"elev":168.0}},{"type":"Feature","geometry":{"type":"Polygon","coordinates":[[[96.0,23.0],[97.0,23.0],[97.0,24.0],[96.0,24.0],[96.0,23.0]]]},"properties":{"lat":23.5,"lon":96.5,"heat":22,"flood":23,"drought":23,"climate":23,"tmax":41.4,"txx_anom":-0.86,"rain":369.0,"rain12_pct":203,"elev":181.0}},{"type":"Feature","geometry":{"type":"Polygon","coordinates":[[[68.0,24.0],[69.0,24.0],[69.0,25.0],[68.0,25.0],[68.0,24.0]]]},"properties":{"lat":24.5,"lon":68.5,"heat":52,"flood":99,"drought":35,"climate":84,"tmax":46.3,"txx_anom":-0.69,"rain":200.0,"rain12_pct":145,"elev":5.0}},{"type":"Feature","geometry":{"type":"Polygon","coordinates":[[[69.0,24.0],[70.0,24.0],[70.0,25.0],[69.0,25.0],[69.0,24.0]]]},"properties":{"lat":24.5,"lon":69.5,"heat":60,"flood":95,"drought":32,"climate":82,"tmax":46.2,"txx_anom":-0.31,"rain":229.0,"rain12_pct":118,"elev":41.0}},{"type":"Feature","geometry":{"type":"Polygon","coordinates":[[[70.0,24.0],[71.0,24.0],[71.0,25.0],[70.0,25.0],[70.0,24.0]]]},"properties":{"lat":24.5,"lon":70.5,"heat":71,"flood":51,"drought":30,"climate":63,"tmax":46.3,"txx_anom":0.14,"rain":328.0,"rain12_pct":100,"elev":36.0}},{"type":"Feature","geometry":{"type":"Polygon","coordinates":[[[71.0,24.0],[72.0,24.0],[72.0,25.0],[71.0,25.0],[71.0,24.0]]]},"properties":{"lat":24.5,"lon":71.5,"heat":70,"flood":53,"drought":42,"climate":64,"tmax":46.5,"txx_anom":0.07,"rain":416.0,"rain12_pct":90,"elev":29.0}},{"type":"Feature","geometry":{"type":"Polygon","coordinates":[[[72.0,24.0],[73.0,24.0],[73.0,25.0],[72.0,25.0],[72.0,24.0]]]},"properties":{"lat":24.5,"lon":72.5,"heat":56,"flood":40,"drought":39,"climate":52,"tmax":44.9,"txx_anom":-0.19,"rain":606.0,"rain12_pct":91,"elev":264.0}},{"type":"Feature","geometry":{"type":"Polygon","coordinates":[[[73.0,24.0],[74.0,24.0],[74.0,25.0],[73.0,25.0],[73.0,24.0]]]},"properties":{"lat":24.5,"lon":73.5,"heat":48,"flood":16,"drought":28,"climate":41,"tmax":43.8,"txx_anom":-0.2,"rain":641.0,"rain12_pct":107,"elev":591.0}},{"type":"Feature","geometry":{"type":"Polygon","coordinates":[[[74.0,24.0],[75.0,24.0],[75.0,25.0],[74.0,25.0],[74.0,24.0]]]},"properties":{"lat":24.5,"lon":74.5,"heat":57,"flood":13,"drought":27,"climate":47,"tmax":45.2,"txx_anom":-0.1,"rain":687.0,"rain12_pct":127,"elev":460.0}},{"type":"Feature","geometry":{"type":"Polygon","coordinates":[[[75.0,24.0],[76.0,24.0],[76.0,25.0],[75.0,25.0],[75.0,24.0]]]},"properties":{"lat":24.5,"lon":75.5,"heat":59,"flood":23,"drought":27,"climate":50,"tmax":45.1,"txx_anom":-0.05,"rain":765.0,"rain12_pct":120,"elev":498.0}},{"type":"Feature","geometry":{"type":"Polygon","coordinates":[[[76.0,24.0],[77.0,24.0],[77.0,25.0],[76.0,25.0],[76.0,24.0]]]},"properties":{"lat":24.5,"lon":76.5,"heat":64,"flood":24,"drought":29,"climate":54,"tmax":46.3,"txx_anom":-0.04,"rain":819.0,"rain12_pct":114,"elev":320.0}},{"type":"Feature","geometry":{"type":"Polygon","coordinates":[[[77.0,24.0],[78.0,24.0],[78.0,25.0],[77.0,25.0],[77.0,24.0]]]},"properties":{"lat":24.5,"lon":77.5,"heat":46,"flood":30,"drought":22,"climate":41,"tmax":45.0,"txx_anom":-0.48,"rain":940.0,"rain12_pct":122,"elev":482.0}},{"type":"Feature","geometry":{"type":"Polygon","coordinates":[[[78.0,24.0],[79.0,24.0],[79.0,25.0],[78.0,25.0],[78.0,24.0]]]},"properties":{"lat":24.5,"lon":78.5,"heat":44,"flood":35,"drought":19,"climate":39,"tmax":45.6,"txx_anom":-0.6,"rain":984.0,"rain12_pct":123,"elev":395.0}},{"type":"Feature","geometry":{"type":"Polygon","coordinates":[[[79.0,24.0],[80.0,24.0],[80.0,25.0],[79.0,25.0],[79.0,24.0]]]},"properties":{"lat":24.5,"lon":79.5,"heat":38,"flood":41,"drought":19,"climate":38,"tmax":45.5,"txx_anom":-0.79,"rain":1038.0,"rain12_pct":118,"elev":373.0}},{"type":"Feature","geometry":{"type":"Polygon","coordinates":[[[80.0,24.0],[81.0,24.0],[81.0,25.0],[80.0,25.0],[80.0,24.0]]]},"properties":{"lat":24.5,"lon":80.5,"heat":26,"flood":47,"drought":19,"climate":40,"tmax":45.2,"txx_anom":-1.2,"rain":1026.0,"rain12_pct":145,"elev":343.0}},{"type":"Feature","geometry":{"type":"Polygon","coordinates":[[[81.0,24.0],[82.0,24.0],[82.0,25.0],[81.0,25.0],[81.0,24.0]]]},"properties":{"lat":24.5,"lon":81.5,"heat":23,"flood":27,"drought":20,"climate":26,"tmax":45.2,"txx_anom":-1.34,"rain":960.0,"rain12_pct":153,"elev":327.0}},{"type":"Feature","geometry":{"type":"Polygon","coordinates":[[[82.0,24.0],[83.0,24.0],[83.0,25.0],[82.0,25.0],[82.0,24.0]]]},"properties":{"lat":24.5,"lon":82.5,"heat":31,"flood":37,"drought":22,"climate":34,"tmax":45.4,"txx_anom":-1.06,"rain":917.0,"rain12_pct":146,"elev":227.0}},{"type":"Feature","geometry":{"type":"Polygon","coordinates":[[[83.0,24.0],[84.0,24.0],[84.0,25.0],[83.0,25.0],[83.0,24.0]]]},"properties":{"lat":24.5,"lon":83.5,"heat":45,"flood":36,"drought":26,"climate":41,"tmax":45.8,"txx_anom":-0.57,"rain":1013.0,"rain12_pct":130,"elev":178.0}},{"type":"Feature","geometry":{"type":"Polygon","coordinates":[[[84.0,24.0],[85.0,24.0],[85.0,25.0],[84.0,25.0],[84.0,24.0]]]},"properties":{"lat":24.5,"lon":84.5,"heat":52,"flood":27,"drought":26,"climate":45,"tmax":46.0,"txx_anom":-0.36,"rain":1079.0,"rain12_pct":123,"elev":309.0}},{"type":"Feature","geometry":{"type":"Polygon","coordinates":[[[85.0,24.0],[86.0,24.0],[86.0,25.0],[85.0,25.0],[85.0,24.0]]]},"properties":{"lat":24.5,"lon":85.5,"heat":35,"flood":16,"drought":25,"climate":31,"tmax":44.2,"txx_anom":-0.67,"rain":1080.0,"rain12_pct":113,"elev":356.0}},{"type":"Feature","geometry":{"type":"Polygon","coordinates":[[[86.0,24.0],[87.0,24.0],[87.0,25.0],[86.0,25.0],[86.0,24.0]]]},"properties":{"lat":24.5,"lon":86.5,"heat":28,"flood":21,"drought":25,"climate":27,"tmax":43.8,"txx_anom":-0.92,"rain":1100.0,"rain12_pct":120,"elev":264.0}},{"type":"Feature","geometry":{"type":"Polygon","coordinates":[[[87.0,24.0],[88.0,24.0],[88.0,25.0],[87.0,25.0],[87.0,24.0]]]},"properties":{"lat":24.5,"lon":87.5,"heat":45,"flood":40,"drought":26,"climate":42,"tmax":44.2,"txx_anom":-0.38,"rain":1113.0,"rain12_pct":125,"elev":123.0}},{"type":"Feature","geometry":{"type":"Polygon","coordinates":[[[88.0,24.0],[89.0,24.0],[89.0,25.0],[88.0,25.0],[88.0,24.0]]]},"properties":{"lat":24.5,"lon":88.5,"heat":52,"flood":57,"drought":18,"climate":51,"tmax":43.7,"txx_anom":0.05,"rain":1200.0,"rain12_pct":143,"elev":19.0}},{"type":"Feature","geometry":{"type":"Polygon","coordinates":[[[89.0,24.0],[90.0,24.0],[90.0,25.0],[89.0,25.0],[89.0,24.0]]]},"properties":{"lat":24.5,"lon":89.5,"heat":49,"flood":68,"drought":14,"climate":58,"tmax":42.1,"txx_anom":0.07,"rain":1433.0,"rain12_pct":153,"elev":12.0}},{"type":"Feature","geometry":{"type":"Polygon","coordinates":[[[90.0,24.0],[91.0,24.0],[91.0,25.0],[90.0,25.0],[90.0,24.0]]]},"properties":{"lat":24.5,"lon":90.5,"heat":44,"flood":99,"drought":9,"climate":80,"tmax":40.5,"txx_anom":-0.02,"rain":2141.0,"rain12_pct":147,"elev":9.0}},{"type":"Feature","geometry":{"type":"Polygon","coordinates":[[[91.0,24.0],[92.0,24.0],[92.0,25.0],[91.0,25.0],[91.0,24.0]]]},"properties":{"lat":24.5,"lon":91.5,"heat":33,"flood":99,"drought":12,"climate":79,"tmax":39.1,"txx_anom":-0.38,"rain":2544.0,"rain12_pct":148,"elev":5.0}},{"type":"Feature","geometry":{"type":"Polygon","coordinates":[[[92.0,24.0],[93.0,24.0],[93.0,25.0],[92.0,25.0],[92.0,24.0]]]},"properties":{"lat":24.5,"lon":92.5,"heat":54,"flood":90,"drought":16,"climate":75,"tmax":40.3,"txx_anom":0.35,"rain":2277.0,"rain12_pct":142,"elev":80.0}},{"type":"Feature","geometry":{"type":"Polygon","coordinates":[[[93.0,24.0],[94.0,24.0],[94.0,25.0],[93.0,25.0],[93.0,24.0]]]},"properties":{"lat":24.5,"lon":93.5,"heat":28,"flood":19,"drought":28,"climate":27,"tmax":34.4,"txx_anom":-0.53,"rain":1170.0,"rain12_pct":122,"elev":563.0}},{"type":"Feature","geometry":{"type":"Polygon","coordinates":[[[94.0,24.0],[95.0,24.0],[95.0,25.0],[94.0,25.0],[94.0,24.0]]]},"properties":{"lat":24.5,"lon":94.5,"heat":25,"flood":27,"drought":29,"climate":28,"tmax":38.3,"txx_anom":-0.65,"rain":965.0,"rain12_pct":128,"elev":191.0}},{"type":"Feature","geometry":{"type":"Polygon","coordinates":[[[95.0,24.0],[96.0,24.0],[96.0,25.0],[95.0,25.0],[95.0,24.0]]]},"properties":{"lat":24.5,"lon":95.5,"heat":10,"flood":8,"drought":21,"climate":18,"tmax":40.8,"txx_anom":-1.22,"rain":524.0,"rain12_pct":200,"elev":281.0}},{"type":"Feature","geometry":{"type":"Polygon","coordinates":[[[96.0,24.0],[97.0,24.0],[97.0,25.0],[96.0,25.0],[96.0,24.0]]]},"properties":{"lat":24.5,"lon":96.5,"heat":5,"flood":27,"drought":22,"climate":23,"tmax":40.3,"txx_anom":-1.35,"rain":462.0,"rain12_pct":201,"elev":148.0}},{"type":"Feature","geometry":{"type":"Polygon","coordinates":[[[68.0,25.0],[69.0,25.0],[69.0,26.0],[68.0,26.0],[68.0,25.0]]]},"properties":{"lat":25.5,"lon":68.5,"heat":68,"flood":52,"drought":36,"climate":62,"tmax":48.0,"txx_anom":-0.54,"rain":161.0,"rain12_pct":313,"elev":22.0}},{"type":"Feature","geometry":{"type":"Polygon","coordinates":[[[69.0,25.0],[70.0,25.0],[70.0,26.0],[69.0,26.0],[69.0,25.0]]]},"properties":{"lat":25.5,"lon":69.5,"heat":75,"flood":55,"drought":34,"climate":67,"tmax":47.9,"txx_anom":-0.22,"rain":173.0,"rain12_pct":233,"elev":13.0}},{"type":"Feature","geometry":{"type":"Polygon","coordinates":[[[70.0,25.0],[71.0,25.0],[71.0,26.0],[70.0,26.0],[70.0,25.0]]]},"properties":{"lat":25.5,"lon":70.5,"heat":69,"flood":39,"drought":35,"climate":60,"tmax":45.9,"txx_anom":0.09,"rain":231.0,"rain12_pct":138,"elev":115.0}},{"type":"Feature","geometry":{"type":"Polygon","coordinates":[[[71.0,25.0],[72.0,25.0],[72.0,26.0],[71.0,26.0],[71.0,25.0]]]},"properties":{"lat":25.5,"lon":71.5,"heat":71,"flood":40,"drought":36,"climate":62,"tmax":45.9,"txx_anom":0.16,"rain":273.0,"rain12_pct":110,"elev":107.0}},{"type":"Feature","geometry":{"type":"Polygon","coordinates":[[[72.0,25.0],[73.0,25.0],[73.0,26.0],[72.0,26.0],[72.0,25.0]]]},"properties":{"lat":25.5,"lon":72.5,"heat":77,"flood":38,"drought":41,"climate":67,"tmax":46.3,"txx_anom":0.37,"rain":396.0,"rain12_pct":94,"elev":155.0}},{"type":"Feature","geometry":{"type":"Polygon","coordinates":[[[73.0,25.0],[74.0,25.0],[74.0,26.0],[73.0,26.0],[73.0,25.0]]]},"properties":{"lat":25.5,"lon":73.5,"heat":67,"flood":19,"drought":33,"climate":56,"tmax":44.7,"txx_anom":0.31,"rain":488.0,"rain12_pct":103,"elev":283.0}},{"type":"Feature","geometry":{"type":"Polygon","coordinates":[[[74.0,25.0],[75.0,25.0],[75.0,26.0],[74.0,26.0],[74.0,25.0]]]},"properties":{"lat":25.5,"lon":74.5,"heat":58,"flood":24,"drought":31,"climate":50,"tmax":44.7,"txx_anom":-0.02,"rain":550.0,"rain12_pct":118,"elev":463.0}},{"type":"Feature","geometry":{"type":"Polygon","coordinates":[[[75.0,25.0],[76.0,25.0],[76.0,26.0],[75.0,26.0],[75.0,25.0]]]},"properties":{"lat":25.5,"lon":75.5,"heat":58,"flood":31,"drought":24,"climate":50,"tmax":46.5,"txx_anom":-0.25,"rain":648.0,"rain12_pct":125,"elev":295.0}},{"type":"Feature","geometry":{"type":"Polygon","coordinates":[[[76.0,25.0],[77.0,25.0],[77.0,26.0],[76.0,26.0],[76.0,25.0]]]},"properties":{"lat":25.5,"lon":76.5,"heat":65,"flood":40,"drought":23,"climate":56,"tmax":47.2,"txx_anom":-0.09,"rain":702.0,"rain12_pct":132,"elev":228.0}},{"type":"Feature","geometry":{"type":"Polygon","coordinates":[[[77.0,25.0],[78.0,25.0],[78.0,26.0],[77.0,26.0],[77.0,25.0]]]},"properties":{"lat":25.5,"lon":77.5,"heat":50,"flood":31,"drought":23,"climate":44,"tmax":45.6,"txx_anom":-0.44,"rain":739.0,"rain12_pct":163,"elev":474.0}},{"type":"Feature","geometry":{"type":"Polygon","coordinates":[[[78.0,25.0],[79.0,25.0],[79.0,26.0],[78.0,26.0],[78.0,25.0]]]},"properties":{"lat":25.5,"lon":78.5,"heat":44,"flood":34,"drought":18,"climate":39,"tmax":46.7,"txx_anom":-0.77,"rain":755.0,"rain12_pct":162,"elev":245.0}},{"type":"Feature","geometry":{"type":"Polygon","coordinates":[[[79.0,25.0],[80.0,25.0],[80.0,26.0],[79.0,26.0],[79.0,25.0]]]},"properties":{"lat":25.5,"lon":79.5,"heat":42,"flood":41,"drought":18,"climate":39,"tmax":46.9,"txx_anom":-0.83,"rain":777.0,"rain12_pct":154,"elev":166.0}},{"type":"Feature","geometry":{"type":"Polygon","coordinates":[[[80.0,25.0],[81.0,25.0],[81.0,26.0],[80.0,26.0],[80.0,25.0]]]},"properties":{"lat":25.5,"lon":80.5,"heat":32,"flood":42,"drought":20,"climate":38,"tmax":46.8,"txx_anom":-1.2,"rain":829.0,"rain12_pct":162,"elev":116.0}},{"type":"Feature","geometry":{"type":"Polygon","coordinates":[[[81.0,25.0],[82.0,25.0],[82.0,26.0],[81.0,26.0],[81.0,25.0]]]},"properties":{"lat":25.5,"lon":81.5,"heat":32,"flood":39,"drought":21,"climate":36,"tmax":46.7,"txx_anom":-1.19,"rain":830.0,"rain12_pct":157,"elev":99.0}},{"type":"Feature","geometry":{"type":"Polygon","coordinates":[[[82.0,25.0],[83.0,25.0],[83.0,26.0],[82.0,26.0],[82.0,25.0]]]},"properties":{"lat":25.5,"lon":82.5,"heat":35,"flood":41,"drought":22,"climate":38,"tmax":46.6,"txx_anom":-1.07,"rain":816.0,"rain12_pct":146,"elev":86.0}},{"type":"Feature","geometry":{"type":"Polygon","coordinates":[[[83.0,25.0],[84.0,25.0],[84.0,26.0],[83.0,26.0],[83.0,25.0]]]},"properties":{"lat":25.5,"lon":83.5,"heat":50,"flood":40,"drought":27,"climate":46,"tmax":46.5,"txx_anom":-0.55,"rain":900.0,"rain12_pct":135,"elev":64.0}},{"type":"Feature","geometry":{"type":"Polygon","coordinates":[[[84.0,25.0],[85.0,25.0],[85.0,26.0],[84.0,26.0],[84.0,25.0]]]},"properties":{"lat":25.5,"lon":84.5,"heat":51,"flood":43,"drought":30,"climate":47,"tmax":46.3,"txx_anom":-0.47,"rain":963.0,"rain12_pct":123,"elev":66.0}},{"type":"Feature","geometry":{"type":"Polygon","coordinates":[[[85.0,25.0],[86.0,25.0],[86.0,26.0],[85.0,26.0],[85.0,25.0]]]},"properties":{"lat":25.5,"lon":85.5,"heat":48,"flood":49,"drought":27,"climate":46,"tmax":45.6,"txx_anom":-0.49,"rain":984.0,"rain12_pct":117,"elev":47.0}},{"type":"Feature","geometry":{"type":"Polygon","coordinates":[[[86.0,25.0],[87.0,25.0],[87.0,26.0],[86.0,26.0],[86.0,25.0]]]},"properties":{"lat":25.5,"lon":86.5,"heat":42,"flood":51,"drought":25,"climate":46,"tmax":44.8,"txx_anom":-0.6,"rain":977.0,"rain12_pct":136,"elev":36.0}},{"type":"Feature","geometry":{"type":"Polygon","coordinates":[[[87.0,25.0],[88.0,25.0],[88.0,26.0],[87.0,26.0],[87.0,25.0]]]},"properties":{"lat":25.5,"lon":87.5,"heat":51,"flood":63,"drought":22,"climate":56,"tmax":44.0,"txx_anom":-0.08,"rain":1081.0,"rain12_pct":135,"elev":31.0}},{"type":"Feature","geometry":{"type":"Polygon","coordinates":[[[88.0,25.0],[89.0,25.0],[89.0,26.0],[88.0,26.0],[88.0,25.0]]]},"properties":{"lat":25.5,"lon":88.5,"heat":32,"flood":65,"drought":13,"climate":54,"tmax":42.3,"txx_anom":-0.56,"rain":1414.0,"rain12_pct":155,"elev":30.0}},{"type":"Feature","geometry":{"type":"Polygon","coordinates":[[[89.0,25.0],[90.0,25.0],[90.0,26.0],[89.0,26.0],[89.0,25.0]]]},"properties":{"lat":25.5,"lon":89.5,"heat":26,"flood":69,"drought":13,"climate":56,"tmax":40.6,"txx_anom":-0.66,"rain":1670.0,"rain12_pct":147,"elev":23.0}},{"type":"Feature","geometry":{"type":"Polygon","coordinates":[[[90.0,25.0],[91.0,25.0],[91.0,26.0],[90.0,26.0],[90.0,25.0]]]},"properties":{"lat":25.5,"lon":90.5,"heat":48,"flood":62,"drought":13,"climate":54,"tmax":38.3,"txx_anom":0.13,"rain":2210.0,"rain12_pct":129,"elev":473.0}},{"type":"Feature","geometry":{"type":"Polygon","coordinates":[[[91.0,25.0],[92.0,25.0],[92.0,26.0],[91.0,26.0],[91.0,25.0]]]},"properties":{"lat":25.5,"lon":91.5,"heat":36,"flood":62,"drought":15,"climate":52,"tmax":29.8,"txx_anom":-0.3,"rain":2674.0,"rain12_pct":131,"elev":1656.0}},{"type":"Feature","geometry":{"type":"Polygon","coordinates":[[[92.0,25.0],[93.0,25.0],[93.0,26.0],[92.0,26.0],[92.0,25.0]]]},"properties":{"lat":25.5,"lon":92.5,"heat":47,"flood":46,"drought":19,"climate":43,"tmax":32.4,"txx_anom":-0.28,"rain":2077.0,"rain12_pct":119,"elev":1067.0}},{"type":"Feature","geometry":{"type":"Polygon","coordinates":[[[93.0,25.0],[94.0,25.0],[94.0,26.0],[93.0,26.0],[93.0,25.0]]]},"properties":{"lat":25.5,"lon":93.5,"heat":46,"flood":10,"drought":30,"climate":39,"tmax":34.4,"txx_anom":0.07,"rain":1222.0,"rain12_pct":113,"elev":512.0}},{"type":"Feature","geometry":{"type":"Polygon","coordinates":[[[94.0,25.0],[95.0,25.0],[95.0,26.0],[94.0,26.0],[94.0,25.0]]]},"properties":{"lat":25.5,"lon":94.5,"heat":57,"flood":13,"drought":28,"climate":47,"tmax":32.6,"txx_anom":0.2,"rain":1129.0,"rain12_pct":142,"elev":1324.0}},{"type":"Feature","geometry":{"type":"Polygon","coordinates":[[[95.0,25.0],[96.0,25.0],[96.0,26.0],[95.0,26.0],[95.0,25.0]]]},"properties":{"lat":25.5,"lon":95.5,"heat":9,"flood":23,"drought":18,"climate":20,"tmax":42.2,"txx_anom":-1.32,"rain":745.0,"rain12_pct":188,"elev":196.0}},{"type":"Feature","geometry":{"type":"Polygon","coordinates":[[[96.0,25.0],[97.0,25.0],[97.0,26.0],[96.0,26.0],[96.0,25.0]]]},"properties":{"lat":25.5,"lon":96.5,"heat":8,"flood":1,"drought":21,"climate":17,"tmax":40.6,"txx_anom":-1.25,"rain":496.0,"rain12_pct":205,"elev":333.0}},{"type":"Feature","geometry":{"type":"Polygon","coordinates":[[[68.0,26.0],[69.0,26.0],[69.0,27.0],[68.0,27.0],[68.0,26.0]]]},"properties":{"lat":26.5,"lon":68.5,"heat":80,"flood":65,"drought":34,"climate":72,"tmax":49.3,"txx_anom":-0.15,"rain":126.0,"rain12_pct":124,"elev":31.0}},{"type":"Feature","geometry":{"type":"Polygon","coordinates":[[[69.0,26.0],[70.0,26.0],[70.0,27.0],[69.0,27.0],[69.0,26.0]]]},"properties":{"lat":26.5,"lon":69.5,"heat":81,"flood":47,"drought":34,"climate":70,"tmax":48.3,"txx_anom":-0.1,"rain":144.0,"rain12_pct":134,"elev":51.0}},{"type":"Feature","geometry":{"type":"Polygon","coordinates":[[[70.0,26.0],[71.0,26.0],[71.0,27.0],[70.0,27.0],[70.0,26.0]]]},"properties":{"lat":26.5,"lon":70.5,"heat":66,"flood":32,"drought":37,"climate":58,"tmax":46.0,"txx_anom":-0.06,"rain":222.0,"rain12_pct":112,"elev":165.0}},{"type":"Feature","geometry":{"type":"Polygon","coordinates":[[[71.0,26.0],[72.0,26.0],[72.0,27.0],[71.0,27.0],[71.0,26.0]]]},"properties":{"lat":26.5,"lon":71.5,"heat":72,"flood":10,"drought":39,"climate":59,"tmax":45.6,"txx_anom":0.26,"rain":257.0,"rain12_pct":103,"elev":298.0}},{"type":"Feature","geometry":{"type":"Polygon","coordinates":[[[72.0,26.0],[73.0,26.0],[73.0,27.0],[72.0,27.0],[72.0,26.0]]]},"properties":{"lat":26.5,"lon":72.5,"heat":81,"flood":9,"drought":39,"climate":66,"tmax":46.3,"txx_anom":0.7,"rain":310.0,"rain12_pct":104,"elev":327.0}},{"type":"Feature","geometry":{"type":"Polygon","coordinates":[[[73.0,26.0],[74.0,26.0],[74.0,27.0],[73.0,27.0],[73.0,26.0]]]},"properties":{"lat":26.5,"lon":73.5,"heat":79,"flood":10,"drought":36,"climate":64,"tmax":46.1,"txx_anom":0.55,"rain":394.0,"rain12_pct":108,"elev":292.0}},{"type":"Feature","geometry":{"type":"Polygon","coordinates":[[[74.0,26.0],[75.0,26.0],[75.0,27.0],[74.0,27.0],[74.0,26.0]]]},"properties":{"lat":26.5,"lon":74.5,"heat":70,"flood":18,"drought":31,"climate":58,"tmax":45.4,"txx_anom":0.34,"rain":456.0,"rain12_pct":118,"elev":431.0}},{"type":"Feature","geometry":{"type":"Polygon","coordinates":[[[75.0,26.0],[76.0,26.0],[76.0,27.0],[75.0,27.0],[75.0,26.0]]]},"properties":{"lat":26.5,"lon":75.5,"heat":62,"flood":23,"drought":23,"climate":52,"tmax":46.1,"txx_anom":-0.05,"rain":545.0,"rain12_pct":127,"elev":311.0}},{"type":"Feature","geometry":{"type":"Polygon","coordinates":[[[76.0,26.0],[77.0,26.0],[77.0,27.0],[76.0,27.0],[76.0,26.0]]]},"properties":{"lat":26.5,"lon":76.5,"heat":69,"flood":26,"drought":23,"climate":57,"tmax":46.7,"txx_anom":0.14,"rain":609.0,"rain12_pct":130,"elev":258.0}},{"type":"Feature","geometry":{"type":"Polygon","coordinates":[[[77.0,26.0],[78.0,26.0],[78.0,27.0],[77.0,27.0],[77.0,26.0]]]},"properties":{"lat":26.5,"lon":77.5,"heat":64,"flood":26,"drought":20,"climate":53,"tmax":47.3,"txx_anom":-0.09,"rain":647.0,"rain12_pct":151,"elev":296.0}},{"type":"Feature","geometry":{"type":"Polygon","coordinates":[[[78.0,26.0],[79.0,26.0],[79.0,27.0],[78.0,27.0],[78.0,26.0]]]},"properties":{"lat":26.5,"lon":78.5,"heat":54,"flood":43,"drought":19,"climate":48,"tmax":47.4,"txx_anom":-0.42,"rain":675.0,"rain12_pct":150,"elev":160.0}},{"type":"Feature","geometry":{"type":"Polygon","coordinates":[[[79.0,26.0],[80.0,26.0],[80.0,27.0],[79.0,27.0],[79.0,26.0]]]},"properties":{"lat":26.5,"lon":79.5,"heat":41,"flood":37,"drought":18,"climate":37,"tmax":46.9,"txx_anom":-0.84,"rain":695.0,"rain12_pct":154,"elev":131.0}},{"type":"Feature","geometry":{"type":"Polygon","coordinates":[[[80.0,26.0],[81.0,26.0],[81.0,27.0],[80.0,27.0],[80.0,26.0]]]},"properties":{"lat":26.5,"lon":80.5,"heat":32,"flood":45,"drought":19,"climate":40,"tmax":46.4,"txx_anom":-1.14,"rain":813.0,"rain12_pct":148,"elev":126.0}},{"type":"Feature","geometry":{"type":"Polygon","coordinates":[[[81.0,26.0],[82.0,26.0],[82.0,27.0],[81.0,27.0],[81.0,26.0]]]},"properties":{"lat":26.5,"lon":81.5,"heat":31,"flood":48,"drought":18,"climate":42,"tmax":46.4,"txx_anom":-1.15,"rain":887.0,"rain12_pct":128,"elev":112.0}},{"type":"Feature","geometry":{"type":"Polygon","coordinates":[[[82.0,26.0],[83.0,26.0],[83.0,27.0],[82.0,27.0],[82.0,26.0]]]},"properties":{"lat":26.5,"lon":82.5,"heat":30,"flood":52,"drought":20,"climate":45,"tmax":46.1,"txx_anom":-1.17,"rain":914.0,"rain12_pct":124,"elev":89.0}},{"type":"Feature","geometry":{"type":"Polygon","coordinates":[[[83.0,26.0],[84.0,26.0],[84.0,27.0],[83.0,27.0],[83.0,26.0]]]},"properties":{"lat":26.5,"lon":83.5,"heat":42,"flood":59,"drought":23,"climate":52,"tmax":45.6,"txx_anom":-0.7,"rain":1021.0,"rain12_pct":135,"elev":71.0}},{"type":"Feature","geometry":{"type":"Polygon","coordinates":[[[84.0,26.0],[85.0,26.0],[85.0,27.0],[84.0,27.0],[84.0,26.0]]]},"properties":{"lat":26.5,"lon":84.5,"heat":45,"flood":65,"drought":25,"climate":57,"tmax":45.2,"txx_anom":-0.54,"rain":1031.0,"rain12_pct":131,"elev":70.0}},{"type":"Feature","geometry":{"type":"Polygon","coordinates":[[[85.0,26.0],[86.0,26.0],[86.0,27.0],[85.0,27.0],[85.0,26.0]]]},"properties":{"lat":26.5,"lon":85.5,"heat":30,"flood":64,"drought":22,"climate":54,"tmax":44.0,"txx_anom":-0.85,"rain":1042.0,"rain12_pct":125,"elev":58.0}},{"type":"Feature","geometry":{"type":"Polygon","coordinates":[[[86.0,26.0],[87.0,26.0],[87.0,27.0],[86.0,27.0],[86.0,26.0]]]},"properties":{"lat":26.5,"lon":86.5,"heat":23,"flood":67,"drought":20,"climate":55,"tmax":42.8,"txx_anom":-0.94,"rain":969.0,"rain12_pct":138,"elev":74.0}},{"type":"Feature","geometry":{"type":"Polygon","coordinates":[[[87.0,26.0],[88.0,26.0],[88.0,27.0],[87.0,27.0],[87.0,26.0]]]},"properties":{"lat":26.5,"lon":87.5,"heat":47,"flood":74,"drought":20,"climate":63,"tmax":41.1,"txx_anom":0.05,"rain":1222.0,"rain12_pct":127,"elev":74.0}},{"type":"Feature","geometry":{"type":"Polygon","coordinates":[[[88.0,26.0],[89.0,26.0],[89.0,27.0],[88.0,27.0],[88.0,26.0]]]},"properties":{"lat":26.5,"lon":88.5,"heat":12,"flood":81,"drought":10,"climate":62,"tmax":39.8,"txx_anom":-1.13,"rain":1775.0,"rain12_pct":160,"elev":88.0}},{"type":"Feature","geometry":{"type":"Polygon","coordinates":[[[89.0,26.0],[90.0,26.0],[90.0,27.0],[89.0,27.0],[89.0,26.0]]]},"properties":{"lat":26.5,"lon":89.5,"heat":13,"flood":85,"drought":12,"climate":66,"tmax":38.6,"txx_anom":-1.08,"rain":1807.0,"rain12_pct":153,"elev":46.0}},{"type":"Feature","geometry":{"type":"Polygon","coordinates":[[[90.0,26.0],[91.0,26.0],[91.0,27.0],[90.0,27.0],[90.0,26.0]]]},"properties":{"lat":26.5,"lon":90.5,"heat":41,"flood":59,"drought":28,"climate":52,"tmax":36.2,"txx_anom":-0.1,"rain":1967.0,"rain12_pct":97,"elev":60.0}},{"type":"Feature","geometry":{"type":"Polygon","coordinates":[[[91.0,26.0],[92.0,26.0],[92.0,27.0],[91.0,27.0],[91.0,26.0]]]},"properties":{"lat":26.5,"lon":91.5,"heat":60,"flood":63,"drought":77,"climate":73,"tmax":37.6,"txx_anom":1.0,"rain":1894.0,"rain12_pct":80,"elev":56.0}},{"type":"Feature","geometry":{"type":"Polygon","coordinates":[[[92.0,26.0],[93.0,26.0],[93.0,27.0],[92.0,27.0],[92.0,26.0]]]},"properties":{"lat":26.5,"lon":92.5,"heat":60,"flood":55,"drought":81,"climate":75,"tmax":38.6,"txx_anom":1.09,"rain":1613.0,"rain12_pct":72,"elev":60.0}},{"type":"Feature","geometry":{"type":"Polygon","coordinates":[[[93.0,26.0],[94.0,26.0],[94.0,27.0],[93.0,27.0],[93.0,26.0]]]},"properties":{"lat":26.5,"lon":93.5,"heat":60,"flood":14,"drought":26,"climate":49,"tmax":38.7,"txx_anom":0.76,"rain":1681.0,"rain12_pct":102,"elev":594.0}},{"type":"Feature","geometry":{"type":"Polygon","coordinates":[[[94.0,26.0],[95.0,26.0],[95.0,27.0],[94.0,27.0],[94.0,26.0]]]},"properties":{"lat":26.5,"lon":94.5,"heat":50,"flood":18,"drought":24,"climate":42,"tmax":37.2,"txx_anom":0.21,"rain":1666.0,"rain12_pct":117,"elev":690.0}},{"type":"Feature","geometry":{"type":"Polygon","coordinates":[[[95.0,26.0],[96.0,26.0],[96.0,27.0],[95.0,27.0],[95.0,26.0]]]},"properties":{"lat":26.5,"lon":95.5,"heat":29,"flood":57,"drought":22,"climate":49,"tmax":35.0,"txx_anom":-0.52,"rain":1379.0,"rain12_pct":146,"elev":647.0}},{"type":"Feature","geometry":{"type":"Polygon","coordinates":[[[96.0,26.0],[97.0,26.0],[97.0,27.0],[96.0,27.0],[96.0,26.0]]]},"properties":{"lat":26.5,"lon":96.5,"heat":0,"flood":58,"drought":12,"climate":44,"tmax":35.6,"txx_anom":-2.77,"rain":1155.0,"rain12_pct":146,"elev":194.0}},{"type":"Feature","geometry":{"type":"Polygon","coordinates":[[[68.0,27.0],[69.0,27.0],[69.0,28.0],[68.0,28.0],[68.0,27.0]]]},"properties":{"lat":27.5,"lon":68.5,"heat":63,"flood":67,"drought":39,"climate":63,"tmax":49.4,"txx_anom":-0.7,"rain":123.0,"rain12_pct":84,"elev":51.0}},{"type":"Feature","geometry":{"type":"Polygon","coordinates":[[[69.0,27.0],[70.0,27.0],[70.0,28.0],[69.0,28.0],[69.0,27.0]]]},"properties":{"lat":27.5,"lon":69.5,"heat":72,"flood":43,"drought":40,"climate":64,"tmax":48.7,"txx_anom":-0.4,"rain":118.0,"rain12_pct":91,"elev":62.0}},{"type":"Feature","geometry":{"type":"Polygon","coordinates":[[[70.0,27.0],[71.0,27.0],[71.0,28.0],[70.0,28.0],[70.0,27.0]]]},"properties":{"lat":27.5,"lon":70.5,"heat":71,"flood":28,"drought":43,"climate":62,"tmax":47.2,"txx_anom":-0.14,"rain":187.0,"rain12_pct":94,"elev":126.0}},{"type":"Feature","geometry":{"type":"Polygon","coordinates":[[[71.0,27.0],[72.0,27.0],[72.0,28.0],[71.0,28.0],[71.0,27.0]]]},"properties":{"lat":27.5,"lon":71.5,"heat":71,"flood":24,"drought":45,"climate":61,"tmax":47.0,"txx_anom":-0.04,"rain":219.0,"rain12_pct":95,"elev":159.0}},{"type":"Feature","geometry":{"type":"Polygon","coordinates":[[[72.0,27.0],[73.0,27.0],[73.0,28.0],[72.0,28.0],[72.0,27.0]]]},"properties":{"lat":27.5,"lon":72.5,"heat":82,"flood":17,"drought":41,"climate":68,"tmax":46.7,"txx_anom":0.46,"rain":265.0,"rain12_pct":109,"elev":195.0}},{"type":"Feature","geometry":{"type":"Polygon","coordinates":[[[73.0,27.0],[74.0,27.0],[74.0,28.0],[73.0,28.0],[73.0,27.0]]]},"properties":{"lat":27.5,"lon":73.5,"heat":80,"flood":2,"drought":38,"climate":64,"tmax":46.2,"txx_anom":0.66,"rain":346.0,"rain12_pct":109,"elev":315.0}},{"type":"Feature","geometry":{"type":"Polygon","coordinates":[[[74.0,27.0],[75.0,27.0],[75.0,28.0],[74.0,28.0],[74.0,27.0]]]},"properties":{"lat":27.5,"lon":74.5,"heat":73,"flood":16,"drought":34,"climate":60,"tmax":45.8,"txx_anom":0.4,"rain":420.0,"rain12_pct":114,"elev":333.0}},{"type":"Feature","geometry":{"type":"Polygon","coordinates":[[[75.0,27.0],[76.0,27.0],[76.0,28.0],[75.0,28.0],[75.0,27.0]]]},"properties":{"lat":27.5,"lon":75.5,"heat":55,"flood":22,"drought":28,"climate":47,"tmax":44.9,"txx_anom":-0.13,"rain":497.0,"rain12_pct":124,"elev":492.0}},{"type":"Feature","geometry":{"type":"Polygon","coordinates":[[[76.0,27.0],[77.0,27.0],[77.0,28.0],[76.0,28.0],[76.0,27.0]]]},"properties":{"lat":27.5,"lon":76.5,"heat":60,"flood":16,"drought":26,"climate":50,"tmax":45.7,"txx_anom":-0.02,"rain":557.0,"rain12_pct":125,"elev":477.0}},{"type":"Feature","geometry":{"type":"Polygon","coordinates":[[[77.0,27.0],[78.0,27.0],[78.0,28.0],[77.0,28.0],[77.0,27.0]]]},"properties":{"lat":27.5,"lon":77.5,"heat":51,"flood":46,"drought":20,"climate":46,"tmax":47.2,"txx_anom":-0.52,"rain":598.0,"rain12_pct":157,"elev":183.0}},{"type":"Feature","geometry":{"type":"Polygon","coordinates":[[[78.0,27.0],[79.0,27.0],[79.0,28.0],[78.0,28.0],[78.0,27.0]]]},"properties":{"lat":27.5,"lon":78.5,"heat":37,"flood":43,"drought":19,"climate":39,"tmax":46.6,"txx_anom":-0.94,"rain":632.0,"rain12_pct":145,"elev":171.0}},{"type":"Feature","geometry":{"type":"Polygon","coordinates":[[[79.0,27.0],[80.0,27.0],[80.0,28.0],[79.0,28.0],[79.0,27.0]]]},"properties":{"lat":27.5,"lon":79.5,"heat":33,"flood":58,"drought":21,"climate":50,"tmax":46.3,"txx_anom":-1.03,"rain":737.0,"rain12_pct":145,"elev":152.0}},{"type":"Feature","geometry":{"type":"Polygon","coordinates":[[[80.0,27.0],[81.0,27.0],[81.0,28.0],[80.0,28.0],[80.0,27.0]]]},"properties":{"lat":27.5,"lon":80.5,"heat":30,"flood":59,"drought":20,"climate":50,"tmax":46.0,"txx_anom":-1.1,"rain":922.0,"rain12_pct":150,"elev":137.0}},{"type":"Feature","geometry":{"type":"Polygon","coordinates":[[[81.0,27.0],[82.0,27.0],[82.0,28.0],[81.0,28.0],[81.0,27.0]]]},"properties":{"lat":27.5,"lon":81.5,"heat":28,"flood":66,"drought":17,"climate":54,"tmax":45.6,"txx_anom":-1.11,"rain":1001.0,"rain12_pct":136,"elev":115.0}},{"type":"Feature","geometry":{"type":"Polygon","coordinates":[[[82.0,27.0],[83.0,27.0],[83.0,28.0],[82.0,28.0],[82.0,27.0]]]},"properties":{"lat":27.5,"lon":82.5,"heat":25,"flood":77,"drought":19,"climate":62,"tmax":44.6,"txx_anom":-1.11,"rain":1059.0,"rain12_pct":132,"elev":105.0}},{"type":"Feature","geometry":{"type":"Polygon","coordinates":[[[83.0,27.0],[84.0,27.0],[84.0,28.0],[83.0,28.0],[83.0,27.0]]]},"properties":{"lat":27.5,"lon":83.5,"heat":16,"flood":79,"drought":16,"climate":62,"tmax":42.8,"txx_anom":-1.16,"rain":1183.0,"rain12_pct":174,"elev":108.0}},{"type":"Feature","geometry":{"type":"Polygon","coordinates":[[[84.0,27.0],[85.0,27.0],[85.0,28.0],[84.0,28.0],[84.0,27.0]]]},"properties":{"lat":27.5,"lon":84.5,"heat":8,"flood":41,"drought":16,"climate":33,"tmax":41.6,"txx_anom":-1.36,"rain":1105.0,"rain12_pct":192,"elev":451.0}},{"type":"Feature","geometry":{"type":"Polygon","coordinates":[[[85.0,27.0],[86.0,27.0],[86.0,28.0],[85.0,28.0],[85.0,27.0]]]},"properties":{"lat":27.5,"lon":85.5,"heat":12,"flood":42,"drought":26,"climate":36,"tmax":33.3,"txx_anom":-1.49,"rain":910.0,"rain12_pct":179,"elev":2265.0}},{"type":"Feature","geometry":{"type":"Polygon","coordinates":[[[86.0,27.0],[87.0,27.0],[87.0,28.0],[86.0,28.0],[86.0,27.0]]]},"properties":{"lat":27.5,"lon":86.5,"heat":9,"flood":56,"drought":31,"climate":46,"tmax":26.4,"txx_anom":-1.2,"rain":746.0,"rain12_pct":196,"elev":3011.0}},{"type":"Feature","geometry":{"type":"Polygon","coordinates":[[[87.0,27.0],[88.0,27.0],[88.0,28.0],[87.0,28.0],[87.0,27.0]]]},"properties":{"lat":27.5,"lon":87.5,"heat":13,"flood":37,"drought":35,"climate":34,"tmax":23.2,"txx_anom":-1.05,"rain":774.0,"rain12_pct":186,"elev":3160.0}},{"type":"Feature","geometry":{"type":"Polygon","coordinates":[[[88.0,27.0],[89.0,27.0],[89.0,28.0],[88.0,28.0],[88.0,27.0]]]},"properties":{"lat":27.5,"lon":88.5,"heat":31,"flood":28,"drought":37,"climate":35,"tmax":20.2,"txx_anom":-0.45,"rain":962.0,"rain12_pct":209,"elev":1775.0}},{"type":"Feature","geometry":{"type":"Polygon","coordinates":[[[89.0,27.0],[90.0,27.0],[90.0,28.0],[89.0,28.0],[89.0,27.0]]]},"properties":{"lat":27.5,"lon":89.5,"heat":34,"flood":27,"drought":39,"climate":37,"tmax":19.8,"txx_anom":-0.32,"rain":927.0,"rain12_pct":184,"elev":3723.0}},{"type":"Feature","geometry":{"type":"Polygon","coordinates":[[[90.0,27.0],[91.0,27.0],[91.0,28.0],[90.0,28.0],[90.0,27.0]]]},"properties":{"lat":27.5,"lon":90.5,"heat":57,"flood":11,"drought":38,"climate":48,"tmax":22.5,"txx_anom":0.46,"rain":1079.0,"rain12_pct":127,"elev":1852.0}},{"type":"Feature","geometry":{"type":"Polygon","coordinates":[[[91.0,27.0],[92.0,27.0],[92.0,28.0],[91.0,28.0],[91.0,27.0]]]},"properties":{"lat":27.5,"lon":91.5,"heat":44,"flood":19,"drought":89,"climate":74,"tmax":26.1,"txx_anom":-0.01,"rain":1042.0,"rain12_pct":87,"elev":2052.0}},{"type":"Feature","geometry":{"type":"Polygon","coordinates":[[[92.0,27.0],[93.0,27.0],[93.0,28.0],[92.0,28.0],[92.0,27.0]]]},"properties":{"lat":27.5,"lon":92.5,"heat":54,"flood":26,"drought":49,"climate":50,"tmax":22.2,"txx_anom":0.34,"rain":1272.0,"rain12_pct":97,"elev":2230.0}},{"type":"Feature","geometry":{"type":"Polygon","coordinates":[[[93.0,27.0],[94.0,27.0],[94.0,28.0],[93.0,28.0],[93.0,27.0]]]},"properties":{"lat":27.5,"lon":93.5,"heat":50,"flood":31,"drought":21,"climate":44,"tmax":30.7,"txx_anom":0.17,"rain":2351.0,"rain12_pct":109,"elev":1639.0}},{"type":"Feature","geometry":{"type":"Polygon","coordinates":[[[94.0,27.0],[95.0,27.0],[95.0,28.0],[94.0,28.0],[94.0,27.0]]]},"properties":{"lat":27.5,"lon":94.5,"heat":44,"flood":70,"drought":19,"climate":60,"tmax":34.9,"txx_anom":0.02,"rain":2411.0,"rain12_pct":106,"elev":108.0}},{"type":"Feature","geometry":{"type":"Polygon","coordinates":[[[95.0,27.0],[96.0,27.0],[96.0,28.0],[95.0,28.0],[95.0,27.0]]]},"properties":{"lat":27.5,"lon":95.5,"heat":10,"flood":84,"drought":18,"climate":65,"tmax":40.5,"txx_anom":-1.17,"rain":2101.0,"rain12_pct":114,"elev":129.0}},{"type":"Feature","geometry":{"type":"Polygon","coordinates":[[[96.0,27.0],[97.0,27.0],[97.0,28.0],[96.0,28.0],[96.0,27.0]]]},"properties":{"lat":27.5,"lon":96.5,"heat":0,"flood":62,"drought":13,"climate":47,"tmax":33.2,"txx_anom":-1.8,"rain":1645.0,"rain12_pct":138,"elev":438.0}},{"type":"Feature","geometry":{"type":"Polygon","coordinates":[[[68.0,28.0],[69.0,28.0],[69.0,29.0],[68.0,29.0],[68.0,28.0]]]},"properties":{"lat":28.5,"lon":68.5,"heat":64,"flood":83,"drought":34,"climate":74,"tmax":49.3,"txx_anom":-0.67,"rain":140.0,"rain12_pct":99,"elev":56.0}},{"type":"Feature","geometry":{"type":"Polygon","coordinates":[[[69.0,28.0],[70.0,28.0],[70.0,29.0],[69.0,29.0],[69.0,28.0]]]},"properties":{"lat":28.5,"lon":69.5,"heat":67,"flood":62,"drought":35,"climate":62,"tmax":48.8,"txx_anom":-0.58,"rain":134.0,"rain12_pct":102,"elev":75.0}},{"type":"Feature","geometry":{"type":"Polygon","coordinates":[[[70.0,28.0],[71.0,28.0],[71.0,29.0],[70.0,29.0],[70.0,28.0]]]},"properties":{"lat":28.5,"lon":70.5,"heat":66,"flood":27,"drought":38,"climate":57,"tmax":48.3,"txx_anom":-0.6,"rain":138.0,"rain12_pct":101,"elev":83.0}},{"type":"Feature","geometry":{"type":"Polygon","coordinates":[[[71.0,28.0],[72.0,28.0],[72.0,29.0],[71.0,29.0],[71.0,28.0]]]},"properties":{"lat":28.5,"lon":71.5,"heat":70,"flood":23,"drought":40,"climate":60,"tmax":47.7,"txx_anom":-0.47,"rain":155.0,"rain12_pct":98,"elev":116.0}},{"type":"Feature","geometry":{"type":"Polygon","coordinates":[[[72.0,28.0],[73.0,28.0],[73.0,29.0],[72.0,29.0],[72.0,28.0]]]},"properties":{"lat":28.5,"lon":72.5,"heat":74,"flood":21,"drought":38,"climate":62,"tmax":47.3,"txx_anom":-0.03,"rain":218.0,"rain12_pct":115,"elev":129.0}},{"type":"Feature","geometry":{"type":"Polygon","coordinates":[[[73.0,28.0],[74.0,28.0],[74.0,29.0],[73.0,29.0],[73.0,28.0]]]},"properties":{"lat":28.5,"lon":73.5,"heat":78,"flood":11,"drought":36,"climate":63,"tmax":46.8,"txx_anom":0.31,"rain":297.0,"rain12_pct":109,"elev":211.0}},{"type":"Feature","geometry":{"type":"Polygon","coordinates":[[[74.0,28.0],[75.0,28.0],[75.0,29.0],[74.0,29.0],[74.0,28.0]]]},"properties":{"lat":28.5,"lon":74.5,"heat":74,"flood":12,"drought":33,"climate":60,"tmax":46.4,"txx_anom":0.32,"rain":368.0,"rain12_pct":109,"elev":255.0}},{"type":"Feature","geometry":{"type":"Polygon","coordinates":[[[75.0,28.0],[76.0,28.0],[76.0,29.0],[75.0,29.0],[75.0,28.0]]]},"properties":{"lat":28.5,"lon":75.5,"heat":54,"flood":19,"drought":28,"climate":46,"tmax":46.0,"txx_anom":-0.31,"rain":455.0,"rain12_pct":119,"elev":262.0}},{"type":"Feature","geometry":{"type":"Polygon","coordinates":[[[76.0,28.0],[77.0,28.0],[77.0,29.0],[76.0,29.0],[76.0,28.0]]]},"properties":{"lat":28.5,"lon":76.5,"heat":51,"flood":24,"drought":23,"climate":44,"tmax":46.4,"txx_anom":-0.39,"rain":535.0,"rain12_pct":117,"elev":217.0}},{"type":"Feature","geometry":{"type":"Polygon","coordinates":[[[77.0,28.0],[78.0,28.0],[78.0,29.0],[77.0,29.0],[77.0,28.0]]]},"properties":{"lat":28.5,"lon":77.5,"heat":28,"flood":36,"drought":20,"climate":33,"tmax":46.2,"txx_anom":-1.19,"rain":738.0,"rain12_pct":140,"elev":197.0}},{"type":"Feature","geometry":{"type":"Polygon","coordinates":[[[78.0,28.0],[79.0,28.0],[79.0,29.0],[78.0,29.0],[78.0,28.0]]]},"properties":{"lat":28.5,"lon":78.5,"heat":23,"flood":48,"drought":20,"climate":41,"tmax":45.9,"txx_anom":-1.32,"rain":819.0,"rain12_pct":133,"elev":195.0}},{"type":"Feature","geometry":{"type":"Polygon","coordinates":[[[79.0,28.0],[80.0,28.0],[80.0,29.0],[79.0,29.0],[79.0,28.0]]]},"properties":{"lat":28.5,"lon":79.5,"heat":25,"flood":63,"drought":20,"climate":52,"tmax":45.7,"txx_anom":-1.18,"rain":992.0,"rain12_pct":115,"elev":176.0}},{"type":"Feature","geometry":{"type":"Polygon","coordinates":[[[80.0,28.0],[81.0,28.0],[81.0,29.0],[80.0,29.0],[80.0,28.0]]]},"properties":{"lat":28.5,"lon":80.5,"heat":20,"flood":49,"drought":17,"climate":41,"tmax":44.7,"txx_anom":-1.25,"rain":1096.0,"rain12_pct":139,"elev":160.0}},{"type":"Feature","geometry":{"type":"Polygon","coordinates":[[[81.0,28.0],[82.0,28.0],[82.0,29.0],[81.0,29.0],[81.0,28.0]]]},"properties":{"lat":28.5,"lon":81.5,"heat":52,"flood":27,"drought":19,"climate":44,"tmax":42.9,"txx_anom":-1.09,"rain":1039.0,"rain12_pct":155,"elev":1014.0}},{"type":"Feature","geometry":{"type":"Polygon","coordinates":[[[82.0,28.0],[83.0,28.0],[83.0,29.0],[82.0,29.0],[82.0,28.0]]]},"properties":{"lat":28.5,"lon":82.5,"heat":5,"flood":29,"drought":31,"climate":27,"tmax":29.9,"txx_anom":-1.38,"rain":1048.0,"rain12_pct":155,"elev":2133.0}},{"type":"Feature","geometry":{"type":"Polygon","coordinates":[[[83.0,28.0],[84.0,28.0],[84.0,29.0],[83.0,29.0],[83.0,28.0]]]},"properties":{"lat":28.5,"lon":83.5,"heat":5,"flood":41,"drought":33,"climate":35,"tmax":20.9,"txx_anom":-1.33,"rain":1039.0,"rain12_pct":216,"elev":2312.0}},{"type":"Feature","geometry":{"type":"Polygon","coordinates":[[[87.0,28.0],[88.0,28.0],[88.0,29.0],[87.0,29.0],[87.0,28.0]]]},"properties":{"lat":28.5,"lon":87.5,"heat":47,"flood":0,"drought":48,"climate":41,"tmax":18.1,"txx_anom":0.11,"rain":377.0,"rain12_pct":141,"elev":4157.0}},{"type":"Feature","geometry":{"type":"Polygon","coordinates":[[[93.0,28.0],[94.0,28.0],[94.0,29.0],[93.0,29.0],[93.0,28.0]]]},"properties":{"lat":28.5,"lon":93.5,"heat":50,"flood":10,"drought":35,"climate":43,"tmax":21.7,"txx_anom":0.21,"rain":1346.0,"rain12_pct":120,"elev":3175.0}},{"type":"Feature","geometry":{"type":"Polygon","coordinates":[[[94.0,28.0],[95.0,28.0],[95.0,29.0],[94.0,29.0],[94.0,28.0]]]},"properties":{"lat":28.5,"lon":94.5,"heat":47,"flood":27,"drought":28,"climate":42,"tmax":26.5,"txx_anom":0.12,"rain":1840.0,"rain12_pct":115,"elev":1424.0}},{"type":"Feature","geometry":{"type":"Polygon","coordinates":[[[95.0,28.0],[96.0,28.0],[96.0,29.0],[95.0,29.0],[95.0,28.0]]]},"properties":{"lat":28.5,"lon":95.5,"heat":60,"flood":62,"drought":23,"climate":57,"tmax":29.7,"txx_anom":1.34,"rain":2081.0,"rain12_pct":119,"elev":1977.0}},{"type":"Feature","geometry":{"type":"Polygon","coordinates":[[[96.0,28.0],[97.0,28.0],[97.0,29.0],[96.0,29.0],[96.0,28.0]]]},"properties":{"lat":28.5,"lon":96.5,"heat":45,"flood":52,"drought":33,"climate":49,"tmax":22.2,"txx_anom":0.03,"rain":1401.0,"rain12_pct":145,"elev":4148.0}},{"type":"Feature","geometry":{"type":"Polygon","coordinates":[[[68.0,29.0],[69.0,29.0],[69.0,30.0],[68.0,30.0],[68.0,29.0]]]},"properties":{"lat":29.5,"lon":68.5,"heat":57,"flood":31,"drought":38,"climate":51,"tmax":44.3,"txx_anom":-0.04,"rain":172.0,"rain12_pct":115,"elev":516.0}},{"type":"Feature","geometry":{"type":"Polygon","coordinates":[[[69.0,29.0],[70.0,29.0],[70.0,30.0],[69.0,30.0],[69.0,29.0]]]},"properties":{"lat":29.5,"lon":69.5,"heat":43,"flood":21,"drought":35,"climate":39,"tmax":44.1,"txx_anom":-0.44,"rain":186.0,"rain12_pct":144,"elev":763.0}},{"type":"Feature","geometry":{"type":"Polygon","coordinates":[[[70.0,29.0],[71.0,29.0],[71.0,30.0],[70.0,30.0],[70.0,29.0]]]},"properties":{"lat":29.5,"lon":70.5,"heat":66,"flood":24,"drought":36,"climate":56,"tmax":49.1,"txx_anom":-0.61,"rain":172.0,"rain12_pct":140,"elev":107.0}},{"type":"Feature","geometry":{"type":"Polygon","coordinates":[[[71.0,29.0],[72.0,29.0],[72.0,30.0],[71.0,30.0],[71.0,29.0]]]},"properties":{"lat":29.5,"lon":71.5,"heat":62,"flood":23,"drought":39,"climate":54,"tmax":48.5,"txx_anom":-0.77,"rain":168.0,"rain12_pct":120,"elev":113.0}},{"type":"Feature","geometry":{"type":"Polygon","coordinates":[[[72.0,29.0],[73.0,29.0],[73.0,30.0],[72.0,30.0],[72.0,29.0]]]},"properties":{"lat":29.5,"lon":72.5,"heat":65,"flood":26,"drought":36,"climate":56,"tmax":47.8,"txx_anom":-0.49,"rain":202.0,"rain12_pct":123,"elev":141.0}},{"type":"Feature","geometry":{"type":"Polygon","coordinates":[[[73.0,29.0],[74.0,29.0],[74.0,30.0],[73.0,30.0],[73.0,29.0]]]},"properties":{"lat":29.5,"lon":73.5,"heat":63,"flood":27,"drought":32,"climate":54,"tmax":47.2,"txx_anom":-0.3,"rain":273.0,"rain12_pct":112,"elev":165.0}},{"type":"Feature","geometry":{"type":"Polygon","coordinates":[[[74.0,29.0],[75.0,29.0],[75.0,30.0],[74.0,30.0],[74.0,29.0]]]},"properties":{"lat":29.5,"lon":74.5,"heat":59,"flood":30,"drought":29,"climate":51,"tmax":47.0,"txx_anom":-0.34,"rain":351.0,"rain12_pct":102,"elev":187.0}},{"type":"Feature","geometry":{"type":"Polygon","coordinates":[[[75.0,29.0],[76.0,29.0],[76.0,30.0],[75.0,30.0],[75.0,29.0]]]},"properties":{"lat":29.5,"lon":75.5,"heat":45,"flood":35,"drought":23,"climate":41,"tmax":46.8,"txx_anom":-0.65,"rain":457.0,"rain12_pct":106,"elev":213.0}},{"type":"Feature","geometry":{"type":"Polygon","coordinates":[[[76.0,29.0],[77.0,29.0],[77.0,30.0],[76.0,30.0],[76.0,29.0]]]},"properties":{"lat":29.5,"lon":76.5,"heat":36,"flood":30,"drought":20,"climate":33,"tmax":46.5,"txx_anom":-0.89,"rain":560.0,"rain12_pct":103,"elev":230.0}},{"type":"Feature","geometry":{"type":"Polygon","coordinates":[[[77.0,29.0],[78.0,29.0],[78.0,30.0],[77.0,30.0],[77.0,29.0]]]},"properties":{"lat":29.5,"lon":77.5,"heat":16,"flood":48,"drought":17,"climate":40,"tmax":45.5,"txx_anom":-1.78,"rain":956.0,"rain12_pct":121,"elev":246.0}},{"type":"Feature","geometry":{"type":"Polygon","coordinates":[[[78.0,29.0],[79.0,29.0],[79.0,30.0],[78.0,30.0],[78.0,29.0]]]},"properties":{"lat":29.5,"lon":78.5,"heat":6,"flood":57,"drought":25,"climate":46,"tmax":42.7,"txx_anom":-1.6,"rain":1078.0,"rain12_pct":130,"elev":254.0}},{"type":"Feature","geometry":{"type":"Polygon","coordinates":[[[79.0,29.0],[80.0,29.0],[80.0,30.0],[79.0,30.0],[79.0,29.0]]]},"properties":{"lat":29.5,"lon":79.5,"heat":34,"flood":62,"drought":29,"climate":54,"tmax":37.9,"txx_anom":-1.55,"rain":1187.0,"rain12_pct":120,"elev":1003.0}},{"type":"Feature","geometry":{"type":"Polygon","coordinates":[[[80.0,29.0],[81.0,29.0],[81.0,30.0],[80.0,30.0],[80.0,29.0]]]},"properties":{"lat":29.5,"lon":80.5,"heat":9,"flood":28,"drought":33,"climate":29,"tmax":32.1,"txx_anom":-1.38,"rain":831.0,"rain12_pct":164,"elev":1951.0}},{"type":"Feature","geometry":{"type":"Polygon","coordinates":[[[81.0,29.0],[82.0,29.0],[82.0,30.0],[81.0,30.0],[81.0,29.0]]]},"properties":{"lat":29.5,"lon":81.5,"heat":28,"flood":11,"drought":38,"climate":33,"tmax":27.0,"txx_anom":-0.56,"rain":648.0,"rain12_pct":202,"elev":2854.0}},{"type":"Feature","geometry":{"type":"Polygon","coordinates":[[[88.0,29.0],[89.0,29.0],[89.0,30.0],[88.0,30.0],[88.0,29.0]]]},"properties":{"lat":29.5,"lon":88.5,"heat":60,"flood":0,"drought":47,"climate":50,"tmax":22.1,"txx_anom":0.68,"rain":413.0,"rain12_pct":113,"elev":4399.0}},{"type":"Feature","geometry":{"type":"Polygon","coordinates":[[[94.0,29.0],[95.0,29.0],[95.0,30.0],[94.0,30.0],[94.0,29.0]]]},"properties":{"lat":29.5,"lon":94.5,"heat":48,"flood":4,"drought":48,"climate":42,"tmax":19.1,"txx_anom":0.13,"rain":766.0,"rain12_pct":98,"elev":4259.0}},{"type":"Feature","geometry":{"type":"Polygon","coordinates":[[[95.0,29.0],[96.0,29.0],[96.0,30.0],[95.0,30.0],[95.0,29.0]]]},"properties":{"lat":29.5,"lon":95.5,"heat":27,"flood":8,"drought":42,"climate":35,"tmax":23.3,"txx_anom":-0.59,"rain":717.0,"rain12_pct":101,"elev":1555.0}},{"type":"Feature","geometry":{"type":"Polygon","coordinates":[[[96.0,29.0],[97.0,29.0],[97.0,30.0],[96.0,30.0],[96.0,29.0]]]},"properties":{"lat":29.5,"lon":96.5,"heat":46,"flood":2,"drought":44,"climate":40,"tmax":17.4,"txx_anom":0.08,"rain":630.0,"rain12_pct":106,"elev":4026.0}},{"type":"Feature","geometry":{"type":"Polygon","coordinates":[[[68.0,30.0],[69.0,30.0],[69.0,31.0],[68.0,31.0],[68.0,30.0]]]},"properties":{"lat":30.5,"lon":68.5,"heat":95,"flood":35,"drought":43,"climate":80,"tmax":41.1,"txx_anom":0.37,"rain":197.0,"rain12_pct":142,"elev":1747.0}},{"type":"Feature","geometry":{"type":"Polygon","coordinates":[[[69.0,30.0],[70.0,30.0],[70.0,31.0],[69.0,31.0],[69.0,30.0]]]},"properties":{"lat":30.5,"lon":69.5,"heat":76,"flood":7,"drought":40,"climate":62,"tmax":41.4,"txx_anom":-0.26,"rain":204.0,"rain12_pct":170,"elev":1382.0}},{"type":"Feature","geometry":{"type":"Polygon","coordinates":[[[70.0,30.0],[71.0,30.0],[71.0,31.0],[70.0,31.0],[70.0,30.0]]]},"properties":{"lat":30.5,"lon":70.5,"heat":54,"flood":1,"drought":36,"climate":45,"tmax":47.4,"txx_anom":-0.72,"rain":215.0,"rain12_pct":156,"elev":625.0}},{"type":"Feature","geometry":{"type":"Polygon","coordinates":[[[71.0,30.0],[72.0,30.0],[72.0,31.0],[71.0,31.0],[71.0,30.0]]]},"properties":{"lat":30.5,"lon":71.5,"heat":70,"flood":28,"drought":37,"climate":60,"tmax":48.9,"txx_anom":-0.49,"rain":218.0,"rain12_pct":136,"elev":133.0}},{"type":"Feature","geometry":{"type":"Polygon","coordinates":[[[72.0,30.0],[73.0,30.0],[73.0,31.0],[72.0,31.0],[72.0,30.0]]]},"properties":{"lat":30.5,"lon":72.5,"heat":52,"flood":23,"drought":33,"climate":46,"tmax":48.3,"txx_anom":-0.93,"rain":248.0,"rain12_pct":132,"elev":154.0}},{"type":"Feature","geometry":{"type":"Polygon","coordinates":[[[73.0,30.0],[74.0,30.0],[74.0,31.0],[73.0,31.0],[73.0,30.0]]]},"properties":{"lat":30.5,"lon":73.5,"heat":50,"flood":35,"drought":27,"climate":45,"tmax":47.8,"txx_anom":-0.77,"rain":316.0,"rain12_pct":121,"elev":166.0}},{"type":"Feature","geometry":{"type":"Polygon","coordinates":[[[74.0,30.0],[75.0,30.0],[75.0,31.0],[74.0,31.0],[74.0,30.0]]]},"properties":{"lat":30.5,"lon":74.5,"heat":50,"flood":33,"drought":23,"climate":44,"tmax":47.7,"txx_anom":-0.63,"rain":399.0,"rain12_pct":114,"elev":198.0}},{"type":"Feature","geometry":{"type":"Polygon","coordinates":[[[75.0,30.0],[76.0,30.0],[76.0,31.0],[75.0,31.0],[75.0,30.0]]]},"properties":{"lat":30.5,"lon":75.5,"heat":45,"flood":47,"drought":21,"climate":43,"tmax":47.2,"txx_anom":-0.64,"rain":537.0,"rain12_pct":109,"elev":230.0}},{"type":"Feature","geometry":{"type":"Polygon","coordinates":[[[76.0,30.0],[77.0,30.0],[77.0,31.0],[76.0,31.0],[76.0,30.0]]]},"properties":{"lat":30.5,"lon":76.5,"heat":27,"flood":38,"drought":18,"climate":34,"tmax":46.3,"txx_anom":-1.17,"rain":700.0,"rain12_pct":105,"elev":262.0}},{"type":"Feature","geometry":{"type":"Polygon","coordinates":[[[77.0,30.0],[78.0,30.0],[78.0,31.0],[77.0,31.0],[77.0,30.0]]]},"properties":{"lat":30.5,"lon":77.5,"heat":3,"flood":30,"drought":27,"climate":26,"tmax":40.8,"txx_anom":-1.67,"rain":1284.0,"rain12_pct":98,"elev":425.0}},{"type":"Feature","geometry":{"type":"Polygon","coordinates":[[[78.0,30.0],[79.0,30.0],[79.0,31.0],[78.0,31.0],[78.0,30.0]]]},"properties":{"lat":30.5,"lon":78.5,"heat":19,"flood":30,"drought":34,"climate":31,"tmax":30.4,"txx_anom":-0.92,"rain":1222.0,"rain12_pct":110,"elev":1446.0}},{"type":"Feature","geometry":{"type":"Polygon","coordinates":[[[79.0,30.0],[80.0,30.0],[80.0,31.0],[79.0,31.0],[79.0,30.0]]]},"properties":{"lat":30.5,"lon":79.5,"heat":49,"flood":25,"drought":41,"climate":45,"tmax":23.0,"txx_anom":0.16,"rain":862.0,"rain12_pct":120,"elev":2067.0}},{"type":"Feature","geometry":{"type":"Polygon","coordinates":[[[94.0,30.0],[95.0,30.0],[95.0,31.0],[94.0,31.0],[94.0,30.0]]]},"properties":{"lat":30.5,"lon":94.5,"heat":60,"flood":0,"drought":77,"climate":64,"tmax":18.0,"txx_anom":0.95,"rain":633.0,"rain12_pct":90,"elev":4200.0}},{"type":"Feature","geometry":{"type":"Polygon","coordinates":[[[96.0,30.0],[97.0,30.0],[97.0,31.0],[96.0,31.0],[96.0,30.0]]]},"properties":{"lat":30.5,"lon":96.5,"heat":60,"flood":0,"drought":96,"climate":78,"tmax":20.1,"txx_anom":0.9,"rain":521.0,"rain12_pct":82,"elev":3597.0}},{"type":"Feature","geometry":{"type":"Polygon","coordinates":[[[68.0,31.0],[69.0,31.0],[69.0,32.0],[68.0,32.0],[68.0,31.0]]]},"properties":{"lat":31.5,"lon":68.5,"heat":96,"flood":21,"drought":46,"climate":79,"tmax":37.9,"txx_anom":0.6,"rain":230.0,"rain12_pct":156,"elev":2288.0}},{"type":"Feature","geometry":{"type":"Polygon","coordinates":[[[69.0,31.0],[70.0,31.0],[70.0,32.0],[69.0,32.0],[69.0,31.0]]]},"properties":{"lat":31.5,"lon":69.5,"heat":84,"flood":6,"drought":44,"climate":68,"tmax":39.9,"txx_anom":0.02,"rain":229.0,"rain12_pct":176,"elev":1265.0}},{"type":"Feature","geometry":{"type":"Polygon","coordinates":[[[70.0,31.0],[71.0,31.0],[71.0,32.0],[70.0,32.0],[70.0,31.0]]]},"properties":{"lat":31.5,"lon":70.5,"heat":70,"flood":16,"drought":39,"climate":59,"tmax":48.1,"txx_anom":-0.12,"rain":262.0,"rain12_pct":144,"elev":207.0}},{"type":"Feature","geometry":{"type":"Polygon","coordinates":[[[71.0,31.0],[72.0,31.0],[72.0,32.0],[71.0,32.0],[71.0,31.0]]]},"properties":{"lat":31.5,"lon":71.5,"heat":74,"flood":24,"drought":35,"climate":62,"tmax":48.4,"txx_anom":-0.12,"rain":291.0,"rain12_pct":127,"elev":168.0}},{"type":"Feature","geometry":{"type":"Polygon","coordinates":[[[72.0,31.0],[73.0,31.0],[73.0,32.0],[72.0,32.0],[72.0,31.0]]]},"properties":{"lat":31.5,"lon":72.5,"heat":58,"flood":21,"drought":26,"climate":49,"tmax":48.5,"txx_anom":-0.52,"rain":351.0,"rain12_pct":131,"elev":165.0}},{"type":"Feature","geometry":{"type":"Polygon","coordinates":[[[73.0,31.0],[74.0,31.0],[74.0,32.0],[73.0,32.0],[73.0,31.0]]]},"properties":{"lat":31.5,"lon":73.5,"heat":53,"flood":37,"drought":22,"climate":47,"tmax":48.2,"txx_anom":-0.48,"rain":446.0,"rain12_pct":137,"elev":193.0}},{"type":"Feature","geometry":{"type":"Polygon","coordinates":[[[74.0,31.0],[75.0,31.0],[75.0,32.0],[74.0,32.0],[74.0,31.0]]]},"properties":{"lat":31.5,"lon":74.5,"heat":53,"flood":40,"drought":20,"climate":47,"tmax":48.0,"txx_anom":-0.4,"rain":546.0,"rain12_pct":141,"elev":216.0}},{"type":"Feature","geometry":{"type":"Polygon","coordinates":[[[75.0,31.0],[76.0,31.0],[76.0,32.0],[75.0,32.0],[75.0,31.0]]]},"properties":{"lat":31.5,"lon":75.5,"heat":40,"flood":50,"drought":18,"climate":44,"tmax":46.6,"txx_anom":-0.65,"rain":738.0,"rain12_pct":147,"elev":230.0}},{"type":"Feature","geometry":{"type":"Polygon","coordinates":[[[76.0,31.0],[77.0,31.0],[77.0,32.0],[76.0,32.0],[76.0,31.0]]]},"properties":{"lat":31.5,"lon":76.5,"heat":18,"flood":31,"drought":16,"climate":27,"tmax":43.9,"txx_anom":-1.17,"rain":915.0,"rain12_pct":128,"elev":705.0}},{"type":"Feature","geometry":{"type":"Polygon","coordinates":[[[77.0,31.0],[78.0,31.0],[78.0,32.0],[77.0,32.0],[77.0,31.0]]]},"properties":{"lat":31.5,"lon":77.5,"heat":17,"flood":13,"drought":46,"climate":38,"tmax":26.4,"txx_anom":-0.92,"rain":957.0,"rain12_pct":97,"elev":2809.0}},{"type":"Feature","geometry":{"type":"Polygon","coordinates":[[[78.0,31.0],[79.0,31.0],[79.0,32.0],[78.0,32.0],[78.0,31.0]]]},"properties":{"lat":31.5,"lon":78.5,"heat":60,"flood":3,"drought":44,"climate":50,"tmax":17.9,"txx_anom":1.02,"rain":617.0,"rain12_pct":102,"elev":3989.0}},{"type":"Feature","geometry":{"type":"Polygon","coordinates":[[[79.0,31.0],[80.0,31.0],[80.0,32.0],[79.0,32.0],[79.0,31.0]]]},"properties":{"lat":31.5,"lon":79.5,"heat":60,"flood":0,"drought":49,"climate":51,"tmax":22.3,"txx_anom":1.21,"rain":251.0,"rain12_pct":130,"elev":3879.0}},{"type":"Feature","geometry":{"type":"Polygon","coordinates":[[[93.0,31.0],[94.0,31.0],[94.0,32.0],[93.0,32.0],[93.0,31.0]]]},"properties":{"lat":31.5,"lon":93.5,"heat":58,"flood":0,"drought":45,"climate":49,"tmax":19.5,"txx_anom":0.5,"rain":585.0,"rain12_pct":106,"elev":4305.0}},{"type":"Feature","geometry":{"type":"Polygon","coordinates":[[[96.0,31.0],[97.0,31.0],[97.0,32.0],[96.0,32.0],[96.0,31.0]]]},"properties":{"lat":31.5,"lon":96.5,"heat":60,"flood":0,"drought":95,"climate":78,"tmax":21.1,"txx_anom":0.79,"rain":543.0,"rain12_pct":85,"elev":4357.0}},{"type":"Feature","geometry":{"type":"Polygon","coordinates":[[[68.0,32.0],[69.0,32.0],[69.0,33.0],[68.0,33.0],[68.0,32.0]]]},"properties":{"lat":32.5,"lon":68.5,"heat":69,"flood":11,"drought":46,"climate":58,"tmax":35.1,"txx_anom":0.23,"rain":352.0,"rain12_pct":152,"elev":2199.0}},{"type":"Feature","geometry":{"type":"Polygon","coordinates":[[[69.0,32.0],[70.0,32.0],[70.0,33.0],[69.0,33.0],[69.0,32.0]]]},"properties":{"lat":32.5,"lon":69.5,"heat":78,"flood":10,"drought":46,"climate":65,"tmax":37.3,"txx_anom":0.05,"rain":353.0,"rain12_pct":168,"elev":2389.0}},{"type":"Feature","geometry":{"type":"Polygon","coordinates":[[[70.0,32.0],[71.0,32.0],[71.0,33.0],[70.0,33.0],[70.0,32.0]]]},"properties":{"lat":32.5,"lon":70.5,"heat":64,"flood":12,"drought":37,"climate":53,"tmax":46.9,"txx_anom":0.11,"rain":370.0,"rain12_pct":151,"elev":327.0}},{"type":"Feature","geometry":{"type":"Polygon","coordinates":[[[71.0,32.0],[72.0,32.0],[72.0,33.0],[71.0,33.0],[71.0,32.0]]]},"properties":{"lat":32.5,"lon":71.5,"heat":67,"flood":28,"drought":32,"climate":57,"tmax":47.7,"txx_anom":0.06,"rain":395.0,"rain12_pct":137,"elev":202.0}},{"type":"Feature","geometry":{"type":"Polygon","coordinates":[[[72.0,32.0],[73.0,32.0],[73.0,33.0],[72.0,33.0],[72.0,32.0]]]},"properties":{"lat":32.5,"lon":72.5,"heat":49,"flood":36,"drought":21,"climate":44,"tmax":46.7,"txx_anom":-0.33,"rain":485.0,"rain12_pct":147,"elev":203.0}},{"type":"Feature","geometry":{"type":"Polygon","coordinates":[[[73.0,32.0],[74.0,32.0],[74.0,33.0],[73.0,33.0],[73.0,32.0]]]},"properties":{"lat":32.5,"lon":73.5,"heat":48,"flood":40,"drought":19,"climate":43,"tmax":47.7,"txx_anom":-0.45,"rain":678.0,"rain12_pct":153,"elev":220.0}},{"type":"Feature","geometry":{"type":"Polygon","coordinates":[[[74.0,32.0],[75.0,32.0],[75.0,33.0],[74.0,33.0],[74.0,32.0]]]},"properties":{"lat":32.5,"lon":74.5,"heat":46,"flood":52,"drought":18,"climate":47,"tmax":47.4,"txx_anom":-0.46,"rain":761.0,"rain12_pct":154,"elev":249.0}},{"type":"Feature","geometry":{"type":"Polygon","coordinates":[[[75.0,32.0],[76.0,32.0],[76.0,33.0],[75.0,33.0],[75.0,32.0]]]},"properties":{"lat":32.5,"lon":75.5,"heat":7,"flood":47,"drought":22,"climate":38,"tmax":39.4,"txx_anom":-1.27,"rain":889.0,"rain12_pct":169,"elev":679.0}},{"type":"Feature","geometry":{"type":"Polygon","coordinates":[[[76.0,32.0],[77.0,32.0],[77.0,33.0],[76.0,33.0],[76.0,32.0]]]},"properties":{"lat":32.5,"lon":76.5,"heat":0,"flood":43,"drought":32,"climate":36,"tmax":27.4,"txx_anom":-1.8,"rain":909.0,"rain12_pct":178,"elev":2523.0}},{"type":"Feature","geometry":{"type":"Polygon","coordinates":[[[68.0,33.0],[69.0,33.0],[69.0,34.0],[68.0,34.0],[68.0,33.0]]]},"properties":{"lat":33.5,"lon":68.5,"heat":73,"flood":37,"drought":46,"climate":65,"tmax":33.9,"txx_anom":0.63,"rain":472.0,"rain12_pct":159,"elev":2177.0}},{"type":"Feature","geometry":{"type":"Polygon","coordinates":[[[69.0,33.0],[70.0,33.0],[70.0,34.0],[69.0,34.0],[69.0,33.0]]]},"properties":{"lat":33.5,"lon":69.5,"heat":65,"flood":43,"drought":46,"climate":60,"tmax":33.0,"txx_anom":0.43,"rain":488.0,"rain12_pct":168,"elev":2766.0}},{"type":"Feature","geometry":{"type":"Polygon","coordinates":[[[70.0,33.0],[71.0,33.0],[71.0,34.0],[70.0,34.0],[70.0,33.0]]]},"properties":{"lat":33.5,"lon":70.5,"heat":90,"flood":42,"drought":39,"climate":77,"tmax":41.3,"txx_anom":0.23,"rain":518.0,"rain12_pct":165,"elev":1089.0}},{"type":"Feature","geometry":{"type":"Polygon","coordinates":[[[71.0,33.0],[72.0,33.0],[72.0,34.0],[71.0,34.0],[71.0,33.0]]]},"properties":{"lat":33.5,"lon":71.5,"heat":40,"flood":31,"drought":31,"climate":38,"tmax":44.4,"txx_anom":-0.36,"rain":542.0,"rain12_pct":155,"elev":439.0}},{"type":"Feature","geometry":{"type":"Polygon","coordinates":[[[72.0,33.0],[73.0,33.0],[73.0,34.0],[72.0,34.0],[72.0,33.0]]]},"properties":{"lat":33.5,"lon":72.5,"heat":19,"flood":62,"drought":17,"climate":50,"tmax":45.5,"txx_anom":-1.19,"rain":777.0,"rain12_pct":154,"elev":473.0}},{"type":"Feature","geometry":{"type":"Polygon","coordinates":[[[73.0,33.0],[74.0,33.0],[74.0,34.0],[73.0,34.0],[73.0,33.0]]]},"properties":{"lat":33.5,"lon":73.5,"heat":4,"flood":56,"drought":23,"climate":45,"tmax":41.2,"txx_anom":-1.46,"rain":845.0,"rain12_pct":148,"elev":664.0}},{"type":"Feature","geometry":{"type":"Polygon","coordinates":[[[74.0,33.0],[75.0,33.0],[75.0,34.0],[74.0,34.0],[74.0,33.0]]]},"properties":{"lat":33.5,"lon":74.5,"heat":9,"flood":26,"drought":29,"climate":26,"tmax":34.2,"txx_anom":-1.55,"rain":781.0,"rain12_pct":138,"elev":3533.0}},{"type":"Feature","geometry":{"type":"Polygon","coordinates":[[[96.0,33.0],[97.0,33.0],[97.0,34.0],[96.0,34.0],[96.0,33.0]]]},"properties":{"lat":33.5,"lon":96.5,"heat":60,"flood":0,"drought":46,"climate":50,"tmax":21.1,"txx_anom":0.98,"rain":477.0,"rain12_pct":103,"elev":3935.0}}]}